SiteId,SiteName,MonitorDate,AQI,SO2SubIndex,COSubIndex,O3SubIndex,PM10SubIndex,NO2SubIndex,O38SubIndex,PM25SubIndex
38,崙背,2020-07-19,25,4,2,,14,9,25,11
63,花蓮,2020-07-19,24,4,1,,14,4,24,20
62,臺東,2020-07-19,19,1,2,,13,7,19,9
61,恆春,2020-07-19,19,1,1,,5,2,19,9
60,潮州,2020-07-19,31,4,1,,14,5,31,21
59,屏東,2020-07-19,37,3,3,,16,13,37,22
58,小港,2020-07-19,19,11,1,,9,10,19,17
57,前鎮,2020-07-19,21,21,,,5,12,,11
56,前金,2020-07-19,22,11,2,,5,15,22,12
54,左營,2020-07-19,23,9,5,,9,22,23,15
53,楠梓,2020-07-19,27,9,3,,14,23,27,23
52,林園,2020-07-19,25,4,1,,11,5,25,19
51,大寮,2020-07-19,29,9,2,,12,8,29,22
50,鳳山,2020-07-19,22,9,3,,13,11,,22
49,仁武,2020-07-19,27,11,2,,14,14,27,27
48,橋頭,2020-07-19,27,7,3,,10,19,27,22
47,美濃,2020-07-19,31,3,1,,10,4,31,21
32,西屯,2020-07-19,33,3,2,,13,11,33,24
33,彰化,2020-07-19,30,9,2,,12,8,30,22
34,線西,2020-07-19,28,4,,,17,8,,28
35,二林,2020-07-19,31,7,2,,25,9,25,31
36,南投,2020-07-19,34,4,2,,14,9,34,16
37,斗六,2020-07-19,32,6,2,,14,9,32,17
39,新港,2020-07-19,26,4,3,,13,13,26,17
40,朴子,2020-07-19,18,4,2,,14,9,16,18
41,臺西,2020-07-19,21,3,,,13,8,,21
42,嘉義,2020-07-19,29,3,2,,12,10,29,12
43,新營,2020-07-19,27,4,2,,10,6,27,17
44,善化,2020-07-19,28,7,1,,5,6,28,20
45,安南,2020-07-19,26,4,2,,10,9,26,19
46,臺南,2020-07-19,24,6,2,,11,10,24,24
18,大園,2020-07-19,35,9,2,,19,13,35,32
19,觀音,2020-07-19,29,4,1,,13,9,29,21
2,汐止,2020-07-19,51,6,3,,19,18,51,41
3,萬里,2020-07-19,44,10,2,,16,10,44,34
4,新店,2020-07-19,54,6,3,,19,16,54,36
5,土城,2020-07-19,58,6,5,,19,20,58,36
6,板橋,2020-07-19,44,7,7,,19,30,44,35
7,新莊,2020-07-19,48,40,6,,24,25,48,43
8,菜寮,2020-07-19,40,3,7,,22,32,38,40
9,林口,2020-07-19,44,6,3,,19,29,44,34
10,淡水,2020-07-19,36,3,5,,18,17,36,35
16,大同,2020-07-19,45,6,18,,24,44,,45
11,士林,2020-07-19,48,4,6,,23,23,48,39
12,中山,2020-07-19,47,4,8,,21,42,47,34
13,萬華,2020-07-19,49,6,8,,20,37,49,36
14,古亭,2020-07-19,61,6,6,,19,30,61,36
15,松山,2020-07-19,48,6,7,,20,37,48,39
20,平鎮,2020-07-19,38,4,2,,19,12,38,32
21,龍潭,2020-07-19,41,6,2,,19,12,41,31
22,湖口,2020-07-19,32,6,2,,11,21,32,29
23,竹東,2020-07-19,43,43,2,,17,7,37,31
24,新竹,2020-07-19,31,7,3,,17,13,29,31
25,頭份,2020-07-19,24,7,,,14,12,,24
26,苗栗,2020-07-19,27,4,2,,12,9,26,27
27,三義,2020-07-19,31,6,2,,11,8,31,19
28,豐原,2020-07-19,36,1,2,,11,8,36,20
29,沙鹿,2020-07-19,27,4,2,,5,12,27,15
30,大里,2020-07-19,33,6,2,,14,9,33,24
17,桃園,2020-07-19,39,4,3,,20,18,31,39
31,忠明,2020-07-19,31,4,2,,10,10,31,24
84,富貴角,2020-07-19,38,3,2,,17,11,38,32
83,麥寮,2020-07-19,31,4,,,15,11,,31
80,關山,2020-07-19,21,3,,,9,5,21,19
78,馬公,2020-07-19,16,4,2,,10,8,16,
77,金門,2020-07-19,22,4,1,,14,13,22,18
75,馬祖,2020-07-19,27,4,1,,19,8,21,27
72,埔里,2020-07-19,33,3,2,,14,8,33,19
71,復興,2020-07-19,21,21,2,,5,11,,17
70,永和,2020-07-19,36,6,10,,19,33,,36
69,竹山,2020-07-19,33,6,1,,12,10,33,23
68,中壢,2020-07-19,35,4,9,,18,22,,35
67,三重,2020-07-19,42,4,15,,24,42,,41
66,冬山,2020-07-19,31,3,2,,20,8,31,29
65,宜蘭,2020-07-19,34,4,2,,20,8,34,29
64,陽明,2020-07-19,37,4,1,,17,5,37,34
1,基隆,2020-07-19,40,6,2,,21,14,40,32
32,西屯,2020-07-18,32,4,2,,11,12,32,17
15,松山,2020-07-18,36,6,3,,19,18,36,24
14,古亭,2020-07-18,40,7,3,,17,15,40,26
13,萬華,2020-07-18,39,4,5,,17,23,39,26
12,中山,2020-07-18,34,4,5,,17,19,34,22
11,士林,2020-07-18,42,6,3,,21,16,42,30
10,淡水,2020-07-18,30,4,3,,14,14,30,22
9,林口,2020-07-18,39,9,3,,16,25,39,26
8,菜寮,2020-07-18,32,4,5,,19,17,32,32
7,新莊,2020-07-18,44,30,3,,19,15,44,29
6,板橋,2020-07-18,39,9,3,,17,19,39,23
5,土城,2020-07-18,45,6,5,,18,19,45,26
4,新店,2020-07-18,38,6,2,,13,10,38,23
3,萬里,2020-07-18,32,4,2,,15,8,32,24
2,汐止,2020-07-18,36,10,5,,18,17,36,25
31,忠明,2020-07-18,30,4,2,,10,10,30,18
30,大里,2020-07-18,33,6,2,,14,9,33,23
29,沙鹿,2020-07-18,22,3,2,,5,9,22,9
28,豐原,2020-07-18,39,17,25,,14,10,39,21
27,三義,2020-07-18,28,9,2,,11,12,28,16
26,苗栗,2020-07-18,22,6,2,,10,9,22,17
25,頭份,2020-07-18,15,7,,,12,13,,15
24,新竹,2020-07-18,22,4,2,,14,13,21,22
23,竹東,2020-07-18,38,17,2,,14,9,38,19
22,湖口,2020-07-18,23,7,1,,9,17,23,19
21,龍潭,2020-07-18,38,4,2,,16,13,38,24
20,平鎮,2020-07-18,31,4,2,,17,15,31,20
19,觀音,2020-07-18,21,4,1,,11,9,21,9
18,大園,2020-07-18,28,6,1,,14,12,28,16
17,桃園,2020-07-18,30,16,3,,19,25,30,26
84,富貴角,2020-07-18,31,3,2,,14,12,31,18
1,基隆,2020-07-18,31,4,3,,20,14,31,26
83,麥寮,2020-07-18,17,4,,,10,8,,17
80,關山,2020-07-18,26,1,,,12,4,26,17
78,馬公,2020-07-18,13,4,2,,5,8,13,
77,金門,2020-07-18,20,4,1,,16,9,20,17
75,馬祖,2020-07-18,26,3,1,,21,8,26,26
72,埔里,2020-07-18,35,3,2,,15,11,35,23
16,大同,2020-07-18,34,4,16,,24,34,,33
71,復興,2020-07-18,18,6,6,,5,12,,18
70,永和,2020-07-18,19,7,7,,15,15,,19
69,竹山,2020-07-18,35,6,1,,12,11,35,17
68,中壢,2020-07-18,22,6,11,,17,22,,22
67,三重,2020-07-18,35,6,12,,21,35,,33
66,冬山,2020-07-18,33,7,2,,23,10,33,32
65,宜蘭,2020-07-18,34,4,2,,20,6,34,26
64,陽明,2020-07-18,34,3,1,,12,6,34,17
63,花蓮,2020-07-18,32,3,2,,18,9,32,24
62,臺東,2020-07-18,29,3,2,,18,8,29,13
61,恆春,2020-07-18,27,3,1,,5,3,27,15
60,潮州,2020-07-18,33,7,2,,14,8,33,19
59,屏東,2020-07-18,34,6,3,,14,13,34,12
58,小港,2020-07-18,22,9,3,,9,10,22,13
57,前鎮,2020-07-18,11,4,,,5,11,,8
56,前金,2020-07-18,25,9,2,,5,10,25,9
54,左營,2020-07-18,27,6,3,,9,16,27,12
53,楠梓,2020-07-18,26,6,3,,13,11,26,12
52,林園,2020-07-18,27,9,2,,12,10,27,16
51,大寮,2020-07-18,32,11,2,,14,13,32,23
50,鳳山,2020-07-18,13,6,3,,5,11,,13
49,仁武,2020-07-18,27,10,2,,11,9,27,20
48,橋頭,2020-07-18,25,9,2,,10,9,25,12
47,美濃,2020-07-18,32,4,1,,5,4,32,13
46,臺南,2020-07-18,23,4,2,,9,13,23,14
45,安南,2020-07-18,26,4,2,,13,12,26,14
44,善化,2020-07-18,26,6,1,,5,9,26,15
43,新營,2020-07-18,24,4,2,,5,7,24,13
42,嘉義,2020-07-18,27,4,1,,9,9,27,7
41,臺西,2020-07-18,12,4,,,10,10,,12
40,朴子,2020-07-18,14,6,2,,12,8,14,11
39,新港,2020-07-18,24,3,2,,9,9,24,13
38,崙背,2020-07-18,22,4,1,,10,7,22,9
37,斗六,2020-07-18,31,4,2,,12,9,31,13
36,南投,2020-07-18,34,4,2,,13,10,34,16
35,二林,2020-07-18,23,6,1,,17,10,23,16
34,線西,2020-07-18,15,4,,,12,11,,15
33,彰化,2020-07-18,30,10,1,,10,9,30,17
33,彰化,2020-07-17,28,6,2,,13,9,28,15
31,忠明,2020-07-17,28,3,3,,10,14,28,16
1,基隆,2020-07-17,45,3,3,,18,17,45,23
2,汐止,2020-07-17,44,9,5,,19,24,44,28
3,萬里,2020-07-17,44,6,2,,13,13,44,24
4,新店,2020-07-17,31,3,3,,12,12,31,19
5,土城,2020-07-17,44,4,5,,18,18,44,26
6,板橋,2020-07-17,40,4,6,,15,24,40,17
7,新莊,2020-07-17,44,17,6,,19,25,44,27
8,菜寮,2020-07-17,33,6,7,,19,30,33,28
9,林口,2020-07-17,35,9,3,,16,20,35,
10,淡水,2020-07-17,30,6,2,,17,17,30,22
11,士林,2020-07-17,43,6,3,,20,18,43,24
12,中山,2020-07-17,34,7,7,,20,30,34,21
13,萬華,2020-07-17,41,6,6,,17,26,41,21
14,古亭,2020-07-17,44,3,3,,17,17,44,20
15,松山,2020-07-17,36,4,3,,17,21,36,27
16,大同,2020-07-17,38,7,23,,22,38,,32
17,桃園,2020-07-17,30,7,2,,18,18,30,26
18,大園,2020-07-17,31,4,2,,15,12,31,14
19,觀音,2020-07-17,25,4,1,,12,12,25,11
20,平鎮,2020-07-17,33,4,2,,24,14,33,22
21,龍潭,2020-07-17,39,4,2,,14,14,39,19
22,湖口,2020-07-17,30,7,2,,13,16,30,16
23,竹東,2020-07-17,37,9,2,,13,8,37,
24,新竹,2020-07-17,26,6,3,,16,15,26,18
25,頭份,2020-07-17,16,11,,,11,14,,16
26,苗栗,2020-07-17,24,6,2,,10,13,24,13
27,三義,2020-07-17,31,6,1,,9,12,31,11
28,豐原,2020-07-17,36,4,2,,11,13,36,13
29,沙鹿,2020-07-17,27,6,2,,5,9,27,3
30,大里,2020-07-17,30,6,3,,13,12,30,18
84,富貴角,2020-07-17,33,4,1,,15,8,33,16
83,麥寮,2020-07-17,14,3,,,12,14,,13
80,關山,2020-07-17,29,3,,,10,4,29,22
78,馬公,2020-07-17,18,4,2,,10,7,18,12
77,金門,2020-07-17,27,4,1,,18,11,27,18
75,馬祖,2020-07-17,30,3,1,,24,20,28,30
72,埔里,2020-07-17,31,3,2,,15,10,31,17
71,復興,2020-07-17,19,16,6,,10,19,,19
70,永和,2020-07-17,21,6,9,,15,17,,21
69,竹山,2020-07-17,31,4,1,,11,11,31,13
68,中壢,2020-07-17,25,7,14,,16,25,,20
67,三重,2020-07-17,42,7,15,,21,42,,
66,冬山,2020-07-17,33,4,2,,24,12,31,33
65,宜蘭,2020-07-17,34,3,2,,19,6,34,24
64,陽明,2020-07-17,32,3,2,,11,12,32,17
63,花蓮,2020-07-17,35,3,2,,18,8,35,22
62,臺東,2020-07-17,31,1,3,,14,7,31,15
61,恆春,2020-07-17,23,1,1,,5,1,23,8
60,潮州,2020-07-17,31,6,2,,15,10,31,12
59,屏東,2020-07-17,27,4,2,,15,12,27,11
58,小港,2020-07-17,17,10,2,,12,13,17,15
57,前鎮,2020-07-17,17,17,,,11,14,,13
56,前金,2020-07-17,19,7,3,,12,13,19,14
54,左營,2020-07-17,21,9,3,,11,18,21,14
53,楠梓,2020-07-17,20,3,2,,15,16,20,15
52,林園,2020-07-17,23,6,2,,17,11,23,16
51,大寮,2020-07-17,24,11,2,,17,13,24,20
50,鳳山,2020-07-17,18,10,5,,12,18,,18
49,仁武,2020-07-17,26,10,3,,16,26,20,25
48,橋頭,2020-07-17,19,3,2,,13,13,19,15
47,美濃,2020-07-17,27,4,2,,9,4,27,16
46,臺南,2020-07-17,19,4,3,,10,16,19,16
45,安南,2020-07-17,21,6,3,,12,17,21,19
44,善化,2020-07-17,20,7,2,,5,12,20,17
43,新營,2020-07-17,20,9,2,,11,7,20,11
42,嘉義,2020-07-17,24,3,2,,11,8,24,3
41,臺西,2020-07-17,18,3,,,11,10,,18
40,朴子,2020-07-17,15,6,2,,11,15,15,13
39,新港,2020-07-17,24,4,2,,10,9,24,14
38,崙背,2020-07-17,21,3,2,,11,12,21,6
37,斗六,2020-07-17,27,1,2,,13,9,27,9
36,南投,2020-07-17,30,4,2,,11,9,30,8
35,二林,2020-07-17,22,6,1,,14,11,22,13
34,線西,2020-07-17,14,6,,,14,9,,14
32,西屯,2020-07-17,31,6,2,,11,14,31,16
69,竹山,2020-07-16,22,6,2,,12,10,19,22
25,頭份,2020-07-16,19,7,,,11,10,,19
84,富貴角,2020-07-16,31,1,1,,18,8,31,22
83,麥寮,2020-07-16,16,7,,,12,11,,16
80,關山,2020-07-16,29,3,,,13,6,29,16
78,馬公,2020-07-16,22,6,2,,13,22,19,9
77,金門,2020-07-16,42,10,2,,26,22,35,42
75,馬祖,2020-07-16,59,4,2,,32,9,45,59
72,埔里,2020-07-16,19,4,2,,13,8,19,18
71,復興,2020-07-16,31,11,6,,15,23,,31
70,永和,2020-07-16,26,4,8,,17,20,,26
68,中壢,2020-07-16,23,4,12,,16,23,,20
67,三重,2020-07-16,22,7,16,,22,18,,
66,冬山,2020-07-16,32,7,3,,28,16,24,32
65,宜蘭,2020-07-16,32,4,3,,19,12,32,27
64,陽明,2020-07-16,25,3,1,,5,4,25,16
63,花蓮,2020-07-16,33,3,2,,18,13,33,26
62,臺東,2020-07-16,26,3,3,,19,11,26,22
61,恆春,2020-07-16,22,1,1,,5,3,22,12
60,潮州,2020-07-16,31,6,1,,18,8,31,24
59,屏東,2020-07-16,30,3,5,,17,18,30,23
58,小港,2020-07-16,25,7,3,,17,25,19,20
57,前鎮,2020-07-16,22,6,,,14,22,,21
56,前金,2020-07-16,21,9,5,,14,17,19,21
54,左營,2020-07-16,23,11,3,,12,16,23,17
53,楠梓,2020-07-16,26,4,3,,17,16,26,18
52,林園,2020-07-16,31,6,2,,26,25,25,31
51,大寮,2020-07-16,41,6,3,,25,27,25,41
50,鳳山,2020-07-16,27,6,5,,17,21,,27
49,仁武,2020-07-16,27,6,3,,16,18,24,27
48,橋頭,2020-07-16,25,4,3,,14,13,25,19
47,美濃,2020-07-16,21,3,1,,14,6,21,15
46,臺南,2020-07-16,21,4,3,,11,14,21,20
45,安南,2020-07-16,26,4,5,,14,19,22,26
44,善化,2020-07-16,25,7,2,,5,25,19,16
43,新營,2020-07-16,18,9,3,,9,11,17,18
42,嘉義,2020-07-16,18,3,2,,11,12,18,7
41,臺西,2020-07-16,12,4,,,10,7,,12
40,朴子,2020-07-16,17,6,3,,13,14,17,15
39,新港,2020-07-16,21,4,3,,11,16,21,15
38,崙背,2020-07-16,26,4,2,,13,15,26,11
37,斗六,2020-07-16,19,3,2,,15,9,19,17
36,南投,2020-07-16,19,3,3,,12,9,19,13
35,二林,2020-07-16,24,6,2,,16,14,24,21
34,線西,2020-07-16,19,4,,,17,14,,19
33,彰化,2020-07-16,22,21,3,,12,13,22,19
32,西屯,2020-07-16,19,3,2,,11,16,19,19
31,忠明,2020-07-16,20,3,3,,5,14,19,20
30,大里,2020-07-16,22,4,3,,11,13,17,22
29,沙鹿,2020-07-16,22,3,2,,5,15,22,7
28,豐原,2020-07-16,20,3,2,,5,9,20,11
27,三義,2020-07-16,19,4,1,,5,5,19,9
26,苗栗,2020-07-16,18,3,2,,9,9,18,17
24,新竹,2020-07-16,23,4,3,,13,10,23,21
23,竹東,2020-07-16,22,6,2,,12,8,22,
22,湖口,2020-07-16,25,7,1,,14,22,25,19
21,龍潭,2020-07-16,26,6,2,,14,10,26,19
20,平鎮,2020-07-16,23,6,2,,20,16,23,18
19,觀音,2020-07-16,24,6,1,,16,11,24,12
18,大園,2020-07-16,27,6,2,,17,13,27,21
17,桃園,2020-07-16,23,13,5,,14,20,20,23
16,大同,2020-07-16,37,6,28,,27,33,,37
15,松山,2020-07-16,31,4,6,,21,15,23,31
14,古亭,2020-07-16,28,3,3,,19,21,28,24
13,萬華,2020-07-16,26,4,5,,19,22,26,25
12,中山,2020-07-16,23,4,8,,19,22,20,23
11,士林,2020-07-16,28,4,6,,20,26,28,23
10,淡水,2020-07-16,27,4,6,,15,21,27,22
9,林口,2020-07-16,24,7,3,,16,23,24,
8,菜寮,2020-07-16,30,4,6,,19,24,22,30
7,新莊,2020-07-16,29,13,6,,24,23,29,27
6,板橋,2020-07-16,26,4,7,,19,24,26,19
5,土城,2020-07-16,27,4,5,,22,19,27,27
4,新店,2020-07-16,27,3,2,,17,10,27,24
3,萬里,2020-07-16,32,4,2,,12,14,32,28
2,汐止,2020-07-16,36,3,5,,24,22,28,36
1,基隆,2020-07-16,35,4,3,,24,16,33,35
60,潮州,2020-07-15,29,4,3,,15,12,29,26
61,恆春,2020-07-15,27,1,1,,5,2,27,11
58,小港,2020-07-15,25,4,3,,12,25,19,19
57,前鎮,2020-07-15,24,3,,,10,24,,14
56,前金,2020-07-15,28,4,5,,10,23,28,20
54,左營,2020-07-15,25,4,5,,9,25,25,16
53,楠梓,2020-07-15,27,4,3,,15,22,27,17
52,林園,2020-07-15,32,6,2,,17,15,32,23
51,大寮,2020-07-15,36,7,3,,19,25,23,36
50,鳳山,2020-07-15,26,3,7,,12,26,,22
49,仁武,2020-07-15,27,10,6,,14,26,23,27
48,橋頭,2020-07-15,30,3,2,,11,19,30,19
47,美濃,2020-07-15,28,3,2,,11,6,28,18
46,臺南,2020-07-15,27,3,3,,10,18,27,23
45,安南,2020-07-15,27,4,3,,16,17,27,24
44,善化,2020-07-15,28,6,2,,9,11,28,22
43,新營,2020-07-15,26,6,2,,13,11,26,24
42,嘉義,2020-07-15,31,3,2,,16,8,31,13
41,臺西,2020-07-15,30,3,,,17,8,,30
40,朴子,2020-07-15,25,6,2,,15,10,25,19
39,新港,2020-07-15,32,4,2,,16,11,32,21
38,崙背,2020-07-15,36,3,2,,22,8,36,17
37,斗六,2020-07-15,37,3,2,,19,10,37,23
36,南投,2020-07-15,42,4,2,,17,8,42,20
35,二林,2020-07-15,37,7,2,,26,8,37,36
34,線西,2020-07-15,33,6,,,24,8,,33
33,彰化,2020-07-15,40,7,2,,19,8,40,29
32,西屯,2020-07-15,42,4,2,,19,13,42,33
31,忠明,2020-07-15,36,4,2,,16,10,36,30
30,大里,2020-07-15,39,6,3,,18,13,39,31
29,沙鹿,2020-07-15,42,4,2,,17,10,42,23
28,豐原,2020-07-15,45,3,2,,19,10,45,25
27,三義,2020-07-15,42,6,2,,16,8,42,30
26,苗栗,2020-07-15,44,6,2,,18,8,44,34
25,頭份,2020-07-15,39,10,,,21,19,,39
24,新竹,2020-07-15,67,7,5,,20,13,67,42
23,竹東,2020-07-15,93,6,2,,21,7,93,
22,湖口,2020-07-15,77,6,2,,19,15,77,43
21,龍潭,2020-07-15,101,4,2,,21,11,101,47
20,平鎮,2020-07-15,71,4,2,,27,15,71,48
19,觀音,2020-07-15,64,7,2,,20,7,64,37
18,大園,2020-07-15,84,7,2,,23,11,84,41
17,桃園,2020-07-15,51,6,3,,26,18,44,51
16,大同,2020-07-15,60,10,26,,33,49,,60
15,松山,2020-07-15,49,7,5,,23,25,44,49
14,古亭,2020-07-15,67,6,3,,21,18,67,40
13,萬華,2020-07-15,50,6,6,,26,31,50,50
12,中山,2020-07-15,49,7,7,,26,29,47,49
62,臺東,2020-07-15,30,1,3,,12,8,30,13
83,麥寮,2020-07-15,23,4,,,18,11,,23
80,關山,2020-07-15,26,1,,,5,5,26,15
78,馬公,2020-07-15,40,6,2,,20,8,40,19
77,金門,2020-07-15,80,9,2,,39,26,74,80
75,馬祖,2020-07-15,46,4,2,,21,27,34,46
72,埔里,2020-07-15,39,6,2,,15,8,39,31
71,復興,2020-07-15,24,3,6,,9,24,,21
70,永和,2020-07-15,42,6,11,,20,23,,42
63,花蓮,2020-07-15,27,3,1,,14,6,27,16
69,竹山,2020-07-15,39,6,2,,15,10,39,24
68,中壢,2020-07-15,47,6,14,,25,32,,47
67,三重,2020-07-15,29,10,12,,29,22,,
66,冬山,2020-07-15,31,4,2,,21,9,31,26
65,宜蘭,2020-07-15,31,4,2,,17,8,31,24
64,陽明,2020-07-15,50,3,2,,20,10,50,50
11,士林,2020-07-15,84,6,3,,35,20,84,56
10,淡水,2020-07-15,61,6,2,,19,14,61,42
9,林口,2020-07-15,51,4,2,,23,16,51,
8,菜寮,2020-07-15,57,9,5,,27,22,42,57
7,新莊,2020-07-15,71,19,5,,28,24,71,54
6,板橋,2020-07-15,50,9,6,,24,30,50,44
5,土城,2020-07-15,100,6,3,,23,23,100,45
4,新店,2020-07-15,58,4,3,,19,17,58,39
3,萬里,2020-07-15,48,6,2,,16,7,48,41
84,富貴角,2020-07-15,42,6,1,,19,11,42,32
2,汐止,2020-07-15,49,4,6,,24,35,49,47
1,基隆,2020-07-15,50,7,3,,25,16,45,50
59,屏東,2020-07-15,30,3,5,,13,14,30,18
6,板橋,2020-07-14,112,7,6,,27,27,112,49
4,新店,2020-07-14,74,6,5,,18,17,74,33
3,萬里,2020-07-14,46,11,2,,12,14,46,30
2,汐止,2020-07-14,74,7,3,,19,20,74,36
1,基隆,2020-07-14,39,4,3,,17,17,39,24
84,富貴角,2020-07-14,54,4,2,,13,8,54,30
83,麥寮,2020-07-14,17,3,,,11,8,,17
80,關山,2020-07-14,19,3,,,5,3,19,12
78,馬公,2020-07-14,41,6,1,,14,6,41,14
77,金門,2020-07-14,65,16,3,,40,17,64,65
75,馬祖,2020-07-14,38,6,1,,19,36,28,38
72,埔里,2020-07-14,100,7,2,,23,12,100,49
71,復興,2020-07-14,23,6,6,,12,18,,23
70,永和,2020-07-14,34,7,10,,18,32,,34
69,竹山,2020-07-14,67,4,2,,20,10,67,32
68,中壢,2020-07-14,54,6,10,,26,34,,54
67,三重,2020-07-14,48,9,12,,27,38,,48
66,冬山,2020-07-14,27,4,2,,17,11,27,21
65,宜蘭,2020-07-14,30,4,2,,18,8,30,21
64,陽明,2020-07-14,50,7,2,,14,6,50,38
63,花蓮,2020-07-14,22,3,1,,13,3,22,13
62,臺東,2020-07-14,21,1,2,,10,8,21,7
61,恆春,2020-07-14,25,1,1,,5,1,25,12
60,潮州,2020-07-14,45,4,2,,20,8,45,38
59,屏東,2020-07-14,39,9,3,,21,16,39,27
58,小港,2020-07-14,24,6,2,,16,22,24,21
57,前鎮,2020-07-14,23,4,,,12,23,,17
56,前金,2020-07-14,31,7,3,,11,9,31,17
54,左營,2020-07-14,28,6,2,,10,10,28,12
53,楠梓,2020-07-14,31,3,5,,18,25,31,23
52,林園,2020-07-14,36,9,2,,23,10,36,29
51,大寮,2020-07-14,38,11,2,,22,21,38,37
50,鳳山,2020-07-14,27,7,5,,17,24,,27
49,仁武,2020-07-14,31,11,3,,14,20,31,23
48,橋頭,2020-07-14,31,3,3,,16,23,31,26
47,美濃,2020-07-14,33,3,2,,17,8,33,30
46,臺南,2020-07-14,29,3,2,,5,7,29,19
45,安南,2020-07-14,31,6,2,,16,12,31,23
44,善化,2020-07-14,31,10,2,,11,13,31,29
43,新營,2020-07-14,32,6,2,,13,9,32,20
42,嘉義,2020-07-14,37,3,1,,18,8,37,18
41,臺西,2020-07-14,21,3,,,11,8,,21
40,朴子,2020-07-14,25,4,2,,12,10,25,15
39,新港,2020-07-14,33,3,1,,14,10,33,19
38,崙背,2020-07-14,35,3,1,,15,7,35,14
37,斗六,2020-07-14,67,4,2,,20,9,67,25
36,南投,2020-07-14,67,6,2,,22,11,67,40
35,二林,2020-07-14,37,7,1,,23,12,36,37
34,線西,2020-07-14,28,7,,,19,9,,28
33,彰化,2020-07-14,44,10,2,,16,7,44,30
32,西屯,2020-07-14,47,11,2,,18,12,47,31
31,忠明,2020-07-14,44,11,2,,17,17,44,30
30,大里,2020-07-14,67,9,3,,22,17,67,39
29,沙鹿,2020-07-14,33,13,3,,12,14,33,23
28,豐原,2020-07-14,67,6,2,,20,14,67,35
27,三義,2020-07-14,44,7,2,,18,10,44,33
26,苗栗,2020-07-14,36,6,3,,18,19,34,36
25,頭份,2020-07-14,39,11,,,19,23,,39
24,新竹,2020-07-14,46,6,3,,19,13,46,38
23,竹東,2020-07-14,80,6,2,,23,9,80,36
22,湖口,2020-07-14,58,7,2,,20,22,58,42
21,龍潭,2020-07-14,154,7,3,,26,20,154,60
20,平鎮,2020-07-14,93,9,3,,27,17,93,55
19,觀音,2020-07-14,67,9,2,,18,14,67,33
18,大園,2020-07-14,87,16,2,,23,25,87,44
17,桃園,2020-07-14,55,11,3,,26,19,54,55
16,大同,2020-07-14,48,7,23,,28,44,,48
15,松山,2020-07-14,71,7,3,,20,20,71,36
14,古亭,2020-07-14,84,4,3,,19,15,84,32
13,萬華,2020-07-14,93,4,5,,23,25,93,35
12,中山,2020-07-14,61,7,6,,21,26,61,37
11,士林,2020-07-14,87,6,3,,21,18,87,40
10,淡水,2020-07-14,58,7,3,,16,20,58,38
9,林口,2020-07-14,84,7,2,,26,20,84,
8,菜寮,2020-07-14,58,10,6,,25,22,58,51
7,新莊,2020-07-14,140,10,6,,30,25,140,51
5,土城,2020-07-14,46,6,5,,28,26,37,46
5,土城,2020-07-13,151,6,5,,24,34,151,41
6,板橋,2020-07-13,71,7,6,,22,27,71,37
7,新莊,2020-07-13,77,11,5,,27,30,77,42
8,菜寮,2020-07-13,46,6,5,,21,25,46,39
9,林口,2020-07-13,47,6,,,18,23,47,29
40,朴子,2020-07-13,21,3,2,,12,9,21,12
3,萬里,2020-07-13,44,9,2,,15,14,44,31
4,新店,2020-07-13,74,6,3,,18,15,74,30
10,淡水,2020-07-13,42,6,3,,15,16,42,33
11,士林,2020-07-13,90,7,3,,24,21,90,41
12,中山,2020-07-13,101,9,7,,22,29,101,31
13,萬華,2020-07-13,104,6,6,,22,30,104,36
14,古亭,2020-07-13,159,4,5,,20,25,159,43
15,松山,2020-07-13,93,6,5,,22,25,93,38
16,大同,2020-07-13,42,9,19,,27,41,,42
17,桃園,2020-07-13,43,16,3,,19,23,43,37
18,大園,2020-07-13,39,9,2,,19,13,39,32
19,觀音,2020-07-13,23,4,2,,14,14,23,20
20,平鎮,2020-07-13,45,6,2,,26,21,45,36
21,龍潭,2020-07-13,84,6,3,,19,25,84,39
22,湖口,2020-07-13,33,6,2,,14,12,33,27
23,竹東,2020-07-13,58,4,2,,19,9,58,39
24,新竹,2020-07-13,34,7,3,,16,11,25,34
25,頭份,2020-07-13,36,11,,,18,17,,36
26,苗栗,2020-07-13,33,7,2,,16,14,30,33
27,三義,2020-07-13,38,6,2,,18,12,38,30
28,豐原,2020-07-13,58,14,5,,19,20,58,32
29,沙鹿,2020-07-13,31,6,1,,11,14,31,20
30,大里,2020-07-13,48,10,3,,21,15,48,41
31,忠明,2020-07-13,42,4,2,,18,12,42,35
32,西屯,2020-07-13,45,6,2,,19,12,45,34
33,彰化,2020-07-13,38,9,2,,15,9,38,29
34,線西,2020-07-13,29,9,,,19,8,,29
35,二林,2020-07-13,33,6,2,,22,8,32,33
36,南投,2020-07-13,47,4,3,,21,15,47,38
37,斗六,2020-07-13,41,4,2,,19,9,41,28
38,崙背,2020-07-13,29,6,2,,16,8,29,16
39,新港,2020-07-13,27,3,2,,18,8,27,20
41,臺西,2020-07-13,15,4,,,10,8,,15
42,嘉義,2020-07-13,31,4,2,,15,10,31,16
43,新營,2020-07-13,26,4,2,,10,8,26,18
44,善化,2020-07-13,27,6,1,,10,12,27,21
45,安南,2020-07-13,25,3,2,,18,9,25,21
46,臺南,2020-07-13,22,3,2,,10,6,22,19
47,美濃,2020-07-13,38,4,2,,15,7,38,26
48,橋頭,2020-07-13,25,6,2,,12,8,25,19
49,仁武,2020-07-13,27,14,2,,11,14,27,25
50,鳳山,2020-07-13,21,4,3,,12,9,,21
51,大寮,2020-07-13,44,4,2,,19,20,44,30
52,林園,2020-07-13,31,4,2,,18,10,31,21
53,楠梓,2020-07-13,28,4,2,,15,11,28,20
54,左營,2020-07-13,24,4,2,,9,8,24,14
56,前金,2020-07-13,27,7,2,,10,8,27,17
57,前鎮,2020-07-13,14,6,,,11,12,,14
58,小港,2020-07-13,20,4,3,,13,17,20,20
59,屏東,2020-07-13,44,4,2,,19,14,44,19
60,潮州,2020-07-13,39,4,2,,19,10,39,28
61,恆春,2020-07-13,23,4,1,,5,4,23,17
62,臺東,2020-07-13,19,3,2,,10,4,19,11
63,花蓮,2020-07-13,20,3,1,,10,4,19,20
64,陽明,2020-07-13,51,3,2,,17,7,51,37
65,宜蘭,2020-07-13,27,4,2,,15,9,27,21
66,冬山,2020-07-13,26,4,3,,20,11,26,25
67,三重,2020-07-13,55,7,11,,25,30,,55
68,中壢,2020-07-13,37,7,10,,20,32,,37
69,竹山,2020-07-13,47,4,2,,20,11,47,34
70,永和,2020-07-13,40,6,10,,21,37,,40
71,復興,2020-07-13,8,3,3,,,8,,
72,埔里,2020-07-13,54,6,2,,17,10,54,37
75,馬祖,2020-07-13,46,6,2,,23,36,33,46
77,金門,2020-07-13,58,13,2,,25,25,58,41
78,馬公,2020-07-13,30,6,2,,10,8,30,10
80,關山,2020-07-13,19,4,,,5,3,19,15
83,麥寮,2020-07-13,21,4,,,12,10,,21
84,富貴角,2020-07-13,42,3,2,,14,10,42,31
2,汐止,2020-07-13,100,6,5,,21,18,100,44
1,基隆,2020-07-13,36,6,3,,19,14,36,30
58,小港,2020-07-12,25,4,2,,12,9,25,16
1,基隆,2020-07-12,42,6,2,,19,9,42,35
2,汐止,2020-07-12,61,10,3,,19,14,61,39
3,萬里,2020-07-12,44,7,2,,18,7,44,34
4,新店,2020-07-12,61,6,2,,19,11,61,35
5,土城,2020-07-12,49,3,3,,17,18,49,27
6,板橋,2020-07-12,41,10,3,,18,18,41,25
7,新莊,2020-07-12,44,9,3,,19,15,44,33
8,菜寮,2020-07-12,38,11,5,,19,19,31,38
9,林口,2020-07-12,34,6,2,,17,16,34,28
10,淡水,2020-07-12,27,4,2,,13,11,25,27
11,士林,2020-07-12,38,6,3,,19,14,38,31
12,中山,2020-07-12,37,9,5,,19,20,37,27
13,萬華,2020-07-12,37,7,3,,19,18,37,26
14,古亭,2020-07-12,48,6,3,,18,17,48,32
15,松山,2020-07-12,58,7,3,,19,17,58,35
16,大同,2020-07-12,38,9,11,,23,25,,38
17,桃園,2020-07-12,33,9,2,,15,16,27,33
18,大園,2020-07-12,24,6,2,,16,15,23,24
19,觀音,2020-07-12,20,6,2,,12,14,18,20
20,平鎮,2020-07-12,31,4,2,,16,14,31,28
21,龍潭,2020-07-12,43,6,2,,15,11,43,29
22,湖口,2020-07-12,27,6,2,,12,17,21,27
23,竹東,2020-07-12,38,3,2,,15,7,38,31
24,新竹,2020-07-12,30,6,2,,13,13,21,30
25,頭份,2020-07-12,29,10,,,15,15,,29
26,苗栗,2020-07-12,24,7,2,,12,13,24,23
27,三義,2020-07-12,31,7,2,,13,9,31,24
28,豐原,2020-07-12,38,7,3,,12,14,38,21
29,沙鹿,2020-07-12,26,26,3,,10,14,24,12
30,大里,2020-07-12,37,6,2,,15,8,37,23
31,忠明,2020-07-12,32,4,1,,11,8,32,26
32,西屯,2020-07-12,34,4,2,,11,9,34,21
33,彰化,2020-07-12,34,17,2,,11,8,34,22
34,線西,2020-07-12,18,9,,,18,10,,18
35,二林,2020-07-12,30,7,1,,20,8,30,30
36,南投,2020-07-12,42,6,2,,17,9,42,23
37,斗六,2020-07-12,50,7,1,,19,8,50,24
38,崙背,2020-07-12,32,6,2,,18,10,32,19
39,新港,2020-07-12,27,9,2,,15,11,27,22
40,朴子,2020-07-12,20,3,2,,13,10,20,17
41,臺西,2020-07-12,18,9,,,12,8,,18
42,嘉義,2020-07-12,31,3,1,,13,9,31,14
43,新營,2020-07-12,23,4,1,,9,9,23,18
44,善化,2020-07-12,24,7,1,,9,10,24,23
45,安南,2020-07-12,24,3,2,,14,11,22,24
46,臺南,2020-07-12,21,3,2,,11,6,21,17
47,美濃,2020-07-12,33,4,2,,13,4,33,24
48,橋頭,2020-07-12,27,3,2,,12,11,27,17
49,仁武,2020-07-12,28,10,2,,12,10,28,19
50,鳳山,2020-07-12,16,4,3,,9,8,,16
51,大寮,2020-07-12,39,6,2,,16,10,39,25
52,林園,2020-07-12,28,4,1,,17,10,28,21
53,楠梓,2020-07-12,28,6,1,,12,8,28,19
54,左營,2020-07-12,25,6,2,,5,5,25,15
56,前金,2020-07-12,25,7,2,,10,6,25,19
57,前鎮,2020-07-12,11,6,,,9,8,,11
59,屏東,2020-07-12,35,6,2,,18,12,35,16
60,潮州,2020-07-12,38,9,2,,19,11,38,29
61,恆春,2020-07-12,35,4,1,,5,2,35,22
62,臺東,2020-07-12,28,3,2,,12,7,28,12
63,花蓮,2020-07-12,30,3,1,,14,5,30,26
64,陽明,2020-07-12,33,4,1,,9,3,33,21
65,宜蘭,2020-07-12,37,4,2,,17,5,37,27
66,冬山,2020-07-12,36,7,3,,21,9,36,33
67,三重,2020-07-12,46,7,10,,22,18,,46
68,中壢,2020-07-12,35,6,9,,20,24,,35
69,竹山,2020-07-12,41,4,1,,19,12,41,34
70,永和,2020-07-12,30,4,8,,18,20,,30
71,復興,2020-07-12,18,6,5,,11,8,,18
72,埔里,2020-07-12,40,3,1,,14,8,40,24
75,馬祖,2020-07-12,40,6,1,,22,22,25,40
77,金門,2020-07-12,22,4,1,,17,14,21,22
78,馬公,2020-07-12,24,4,1,,9,5,24,8
80,關山,2020-07-12,25,1,,,9,3,25,19
83,麥寮,2020-07-12,23,4,,,14,10,,23
84,富貴角,2020-07-12,31,3,2,,13,11,31,25
84,富貴角,2020-07-11,29,3,1,,14,11,29,25
83,麥寮,2020-07-11,17,3,,,12,10,,17
80,關山,2020-07-11,32,3,,,13,3,32,26
78,馬公,2020-07-11,17,4,1,,9,8,17,3
77,金門,2020-07-11,22,6,1,,16,13,22,18
75,馬祖,2020-07-11,30,3,1,,21,19,24,30
72,埔里,2020-07-11,34,4,2,,15,9,34,26
71,復興,2020-07-11,20,4,3,,9,12,,20
70,永和,2020-07-11,33,6,8,,19,25,,33
69,竹山,2020-07-11,36,3,2,,16,12,36,22
68,中壢,2020-07-11,30,4,14,,20,21,,30
67,三重,2020-07-11,47,4,14,,23,22,,47
66,冬山,2020-07-11,40,6,2,,23,22,40,38
65,宜蘭,2020-07-11,47,9,2,,23,9,47,34
64,陽明,2020-07-11,31,6,1,,11,8,31,21
63,花蓮,2020-07-11,40,3,2,,21,7,40,33
62,臺東,2020-07-11,31,3,2,,17,9,31,16
61,恆春,2020-07-11,23,3,1,,5,2,23,12
60,潮州,2020-07-11,35,7,2,,19,11,35,22
59,屏東,2020-07-11,39,4,2,,19,12,39,14
58,小港,2020-07-11,24,6,2,,13,8,24,16
57,前鎮,2020-07-11,11,4,,,11,10,,10
56,前金,2020-07-11,25,7,2,,5,13,25,19
54,左營,2020-07-11,24,6,2,,5,11,24,14
53,楠梓,2020-07-11,25,4,2,,14,13,25,17
52,林園,2020-07-11,29,4,2,,17,9,29,17
51,大寮,2020-07-11,32,4,3,,19,14,32,30
50,鳳山,2020-07-11,18,9,3,,12,12,,18
49,仁武,2020-07-11,23,7,2,,13,11,23,19
48,橋頭,2020-07-11,24,4,2,,12,13,24,19
47,美濃,2020-07-11,38,4,2,,13,5,38,27
46,臺南,2020-07-11,24,4,2,,11,10,24,18
45,安南,2020-07-11,27,3,2,,16,8,27,21
44,善化,2020-07-11,29,7,1,,9,10,29,20
43,新營,2020-07-11,28,6,2,,12,10,28,22
42,嘉義,2020-07-11,28,3,2,,15,10,28,11
41,臺西,2020-07-11,15,3,,,11,8,,15
40,朴子,2020-07-11,20,3,2,,13,11,20,14
39,新港,2020-07-11,24,3,2,,16,11,24,20
38,崙背,2020-07-11,23,4,2,,14,11,23,14
37,斗六,2020-07-11,34,3,2,,16,9,34,18
36,南投,2020-07-11,40,6,2,,16,9,40,18
35,二林,2020-07-11,28,4,2,,20,11,25,28
34,線西,2020-07-11,18,4,,,18,11,,16
33,彰化,2020-07-11,29,13,2,,12,8,29,21
32,西屯,2020-07-11,32,3,2,,14,11,32,19
31,忠明,2020-07-11,29,4,2,,11,10,29,24
30,大里,2020-07-11,33,4,2,,16,9,33,24
29,沙鹿,2020-07-11,25,4,2,,9,11,25,14
28,豐原,2020-07-11,36,20,22,,15,10,36,24
27,三義,2020-07-11,29,7,2,,14,9,29,20
26,苗栗,2020-07-11,23,4,2,,12,13,23,23
25,頭份,2020-07-11,29,10,,,16,18,,29
24,新竹,2020-07-11,31,4,2,,15,15,25,31
23,竹東,2020-07-11,33,3,2,,17,9,33,29
22,湖口,2020-07-11,25,6,2,,12,16,25,21
21,龍潭,2020-07-11,38,6,2,,16,11,38,24
20,平鎮,2020-07-11,31,4,2,,19,16,31,29
19,觀音,2020-07-11,22,6,2,,13,14,22,20
18,大園,2020-07-11,28,6,2,,17,14,28,22
17,桃園,2020-07-11,30,11,3,,17,19,28,30
16,大同,2020-07-11,41,6,18,,27,37,,41
15,松山,2020-07-11,41,4,3,,21,22,41,38
14,古亭,2020-07-11,44,3,3,,21,17,44,30
13,萬華,2020-07-11,38,4,5,,20,25,38,27
12,中山,2020-07-11,33,4,6,,22,22,33,29
11,士林,2020-07-11,34,6,3,,25,28,34,32
10,淡水,2020-07-11,26,4,3,,16,20,26,26
9,林口,2020-07-11,33,6,3,,18,21,33,27
8,菜寮,2020-07-11,39,4,7,,20,25,32,39
7,新莊,2020-07-11,43,23,5,,21,19,43,34
6,板橋,2020-07-11,41,6,3,,19,20,41,30
5,土城,2020-07-11,48,4,3,,20,17,48,32
4,新店,2020-07-11,46,3,3,,18,13,46,27
3,萬里,2020-07-11,50,4,2,,16,8,50,31
2,汐止,2020-07-11,74,10,3,,22,20,74,41
1,基隆,2020-07-11,50,3,3,,25,14,50,36
62,臺東,2020-07-10,27,6,3,,19,8,27,17
1,基隆,2020-07-10,49,4,5,,29,20,49,43
2,汐止,2020-07-10,49,9,5,,27,27,49,38
3,萬里,2020-07-10,67,7,3,,19,40,67,38
4,新店,2020-07-10,43,3,3,,20,14,43,29
5,土城,2020-07-10,37,4,3,,23,22,37,26
6,板橋,2020-07-10,34,6,5,,22,21,34,26
7,新莊,2020-07-10,37,17,5,,29,21,37,31
8,菜寮,2020-07-10,36,6,5,,23,20,29,36
9,林口,2020-07-10,30,4,2,,19,16,30,22
10,淡水,2020-07-10,30,3,2,,16,14,30,24
11,士林,2020-07-10,38,6,3,,24,16,38,29
12,中山,2020-07-10,33,6,8,,25,27,30,33
13,萬華,2020-07-10,31,6,6,,22,25,31,27
14,古亭,2020-07-10,42,3,3,,22,20,42,32
15,松山,2020-07-10,38,6,5,,24,26,38,36
16,大同,2020-07-10,39,9,27,,29,39,,38
17,桃園,2020-07-10,25,6,3,,17,13,24,25
18,大園,2020-07-10,26,6,1,,16,12,26,18
19,觀音,2020-07-10,23,7,1,,14,6,23,15
20,平鎮,2020-07-10,26,4,2,,18,14,26,24
21,龍潭,2020-07-10,34,7,2,,15,14,34,20
22,湖口,2020-07-10,24,7,1,,14,16,24,21
23,竹東,2020-07-10,34,4,2,,17,9,34,24
24,新竹,2020-07-10,23,6,3,,17,11,23,23
25,頭份,2020-07-10,18,7,,,13,18,,15
26,苗栗,2020-07-10,22,9,3,,13,13,22,19
27,三義,2020-07-10,26,4,2,,14,14,26,18
28,豐原,2020-07-10,31,4,3,,15,12,31,13
29,沙鹿,2020-07-10,23,4,2,,10,13,23,12
30,大里,2020-07-10,25,4,3,,19,13,25,21
31,忠明,2020-07-10,25,4,3,,15,16,23,25
32,西屯,2020-07-10,27,4,2,,19,19,27,24
33,彰化,2020-07-10,24,10,2,,15,12,24,19
34,線西,2020-07-10,18,4,,,18,8,,16
35,二林,2020-07-10,22,4,1,,22,10,20,21
36,南投,2020-07-10,29,3,2,,16,9,29,15
37,斗六,2020-07-10,31,4,2,,18,9,31,11
38,崙背,2020-07-10,19,4,2,,16,8,19,11
39,新港,2020-07-10,26,4,2,,15,12,26,16
40,朴子,2020-07-10,19,7,2,,18,11,19,15
41,臺西,2020-07-10,13,3,,,13,10,,12
42,嘉義,2020-07-10,29,3,2,,15,9,29,9
43,新營,2020-07-10,27,4,2,,14,9,27,20
44,善化,2020-07-10,28,7,1,,9,15,28,21
45,安南,2020-07-10,24,6,3,,24,14,23,24
46,臺南,2020-07-10,21,6,2,,13,13,21,16
47,美濃,2020-07-10,33,4,2,,12,6,33,19
48,橋頭,2020-07-10,21,9,2,,12,18,21,16
49,仁武,2020-07-10,21,13,2,,17,11,19,21
50,鳳山,2020-07-10,16,6,3,,14,10,,16
51,大寮,2020-07-10,23,10,2,,17,13,23,20
52,林園,2020-07-10,29,4,2,,21,11,29,21
53,楠梓,2020-07-10,20,9,2,,16,16,20,17
54,左營,2020-07-10,20,6,3,,9,13,20,11
56,前金,2020-07-10,21,6,2,,10,10,21,14
57,前鎮,2020-07-10,13,4,,,12,13,,10
58,小港,2020-07-10,17,6,2,,17,12,17,15
59,屏東,2020-07-10,32,7,3,,17,11,32,13
60,潮州,2020-07-10,27,4,2,,17,11,27,17
61,恆春,2020-07-10,21,3,1,,5,1,21,14
63,花蓮,2020-07-10,31,4,2,,19,8,31,28
64,陽明,2020-07-10,31,3,1,,11,10,31,19
65,宜蘭,2020-07-10,43,4,2,,23,8,43,34
66,冬山,2020-07-10,42,6,3,,29,17,39,42
67,三重,2020-07-10,46,9,17,,26,33,,46
68,中壢,2020-07-10,25,4,15,,19,25,,24
69,竹山,2020-07-10,31,4,2,,17,11,31,26
70,永和,2020-07-10,32,6,10,,19,23,,32
71,復興,2020-07-10,19,4,3,,10,14,,19
72,埔里,2020-07-10,29,4,3,,15,13,29,17
75,馬祖,2020-07-10,28,4,1,,24,25,19,28
77,金門,2020-07-10,25,4,1,,19,10,25,19
78,馬公,2020-07-10,15,3,2,,14,7,15,6
80,關山,2020-07-10,34,3,,,14,4,34,23
83,麥寮,2020-07-10,16,1,,,16,9,,16
84,富貴角,2020-07-10,28,3,1,,18,7,28,22
10,淡水,2020-07-09,35,4,2,,17,18,35,21
8,菜寮,2020-07-09,30,4,5,,23,23,30,30
7,新莊,2020-07-09,28,6,3,,21,19,19,28
6,板橋,2020-07-09,37,4,5,,20,21,37,24
5,土城,2020-07-09,40,4,3,,20,19,40,25
4,新店,2020-07-09,37,4,3,,19,19,37,24
3,萬里,2020-07-09,38,4,2,,14,14,38,25
2,汐止,2020-07-09,50,7,6,,25,24,50,35
1,基隆,2020-07-09,39,4,5,,26,17,39,29
39,新港,2020-07-09,21,4,2,,12,8,21,14
38,崙背,2020-07-09,20,3,1,,13,8,20,8
37,斗六,2020-07-09,29,4,2,,21,9,29,14
36,南投,2020-07-09,28,3,2,,18,8,28,15
35,二林,2020-07-09,19,4,1,,15,8,19,17
34,線西,2020-07-09,17,4,,,17,8,,15
33,彰化,2020-07-09,22,7,2,,12,8,22,15
32,西屯,2020-07-09,25,4,1,,15,11,25,21
40,朴子,2020-07-09,16,6,2,,14,11,16,16
41,臺西,2020-07-09,13,3,,,9,7,,13
42,嘉義,2020-07-09,25,3,1,,13,8,25,8
43,新營,2020-07-09,21,9,2,,14,10,21,15
44,善化,2020-07-09,24,6,1,,5,8,24,17
45,安南,2020-07-09,22,4,3,,20,17,20,22
46,臺南,2020-07-09,19,4,3,,12,13,18,19
47,美濃,2020-07-09,29,3,1,,13,5,29,20
48,橋頭,2020-07-09,19,7,2,,14,11,19,11
49,仁武,2020-07-09,20,16,2,,18,10,19,20
50,鳳山,2020-07-09,14,6,3,,12,10,,14
51,大寮,2020-07-09,27,20,2,,19,12,19,27
52,林園,2020-07-09,19,9,2,,19,10,19,15
53,楠梓,2020-07-09,19,4,2,,16,12,19,18
54,左營,2020-07-09,18,4,2,,10,10,18,8
56,前金,2020-07-09,19,4,2,,11,9,19,10
57,前鎮,2020-07-09,13,4,,,11,13,,7
58,小港,2020-07-09,16,7,2,,14,11,16,10
59,屏東,2020-07-09,31,4,3,,18,13,31,13
60,潮州,2020-07-09,29,4,2,,17,9,29,13
61,恆春,2020-07-09,19,3,1,,5,2,19,11
62,臺東,2020-07-09,31,3,3,,19,7,31,18
63,花蓮,2020-07-09,29,3,3,,19,13,29,24
64,陽明,2020-07-09,34,4,2,,12,7,34,20
65,宜蘭,2020-07-09,36,6,2,,23,5,36,28
66,冬山,2020-07-09,31,6,2,,25,8,28,31
67,三重,2020-07-09,43,7,17,,25,25,,43
68,中壢,2020-07-09,26,6,14,,18,26,,24
69,竹山,2020-07-09,31,6,2,,15,10,31,14
70,永和,2020-07-09,27,3,10,,19,25,,27
71,復興,2020-07-09,15,4,3,,10,14,,15
72,埔里,2020-07-09,25,3,2,,14,7,25,23
75,馬祖,2020-07-09,32,3,1,,26,14,12,32
77,金門,2020-07-09,23,4,1,,23,12,15,20
78,馬公,2020-07-09,15,3,2,,14,8,15,6
80,關山,2020-07-09,29,3,,,13,4,29,29
83,麥寮,2020-07-09,16,3,,,14,9,,16
84,富貴角,2020-07-09,33,1,1,,22,8,33,23
31,忠明,2020-07-09,21,4,2,,12,11,21,18
30,大里,2020-07-09,25,4,3,,17,9,24,25
29,沙鹿,2020-07-09,22,4,2,,9,9,22,11
28,豐原,2020-07-09,27,3,2,,14,9,27,14
27,三義,2020-07-09,25,4,2,,12,10,25,13
26,苗栗,2020-07-09,23,6,2,,14,6,22,23
25,頭份,2020-07-09,20,4,,,14,11,,20
24,新竹,2020-07-09,29,6,2,,19,9,29,24
23,竹東,2020-07-09,31,6,2,,17,6,31,30
22,湖口,2020-07-09,29,4,1,,22,7,29,23
21,龍潭,2020-07-09,34,6,2,,17,10,34,20
20,平鎮,2020-07-09,31,4,2,,19,15,31,22
19,觀音,2020-07-09,24,4,1,,17,7,24,17
18,大園,2020-07-09,31,3,1,,19,7,31,18
17,桃園,2020-07-09,29,6,3,,16,16,27,29
16,大同,2020-07-09,42,6,22,,29,42,,36
15,松山,2020-07-09,39,6,5,,22,29,39,33
14,古亭,2020-07-09,44,4,3,,20,18,44,26
13,萬華,2020-07-09,38,6,6,,21,23,38,23
12,中山,2020-07-09,32,7,9,,23,27,32,27
11,士林,2020-07-09,40,4,3,,24,18,40,29
9,林口,2020-07-09,32,4,2,,19,16,32,23
25,頭份,2020-07-08,14,6,,,12,13,,14
54,左營,2020-07-08,22,6,3,,5,12,22,12
26,苗栗,2020-07-08,20,6,2,,11,8,20,15
27,三義,2020-07-08,25,7,2,,11,7,25,13
28,豐原,2020-07-08,31,4,2,,14,8,31,13
29,沙鹿,2020-07-08,22,4,2,,5,9,22,3
30,大里,2020-07-08,29,6,2,,19,10,29,21
31,忠明,2020-07-08,24,4,2,,13,9,24,20
16,大同,2020-07-08,38,7,23,,27,33,,38
17,桃園,2020-07-08,26,14,3,,17,24,26,25
15,松山,2020-07-08,41,6,5,,22,29,41,37
14,古亭,2020-07-08,45,3,3,,21,17,45,32
13,萬華,2020-07-08,38,3,6,,21,22,38,22
12,中山,2020-07-08,31,4,8,,22,26,31,26
11,士林,2020-07-08,39,4,5,,23,22,39,28
10,淡水,2020-07-08,27,4,5,,17,19,27,21
9,林口,2020-07-08,30,6,2,,18,22,30,22
8,菜寮,2020-07-08,32,4,5,,21,24,29,32
7,新莊,2020-07-08,38,9,5,,21,18,38,25
6,板橋,2020-07-08,37,6,5,,19,22,37,20
5,土城,2020-07-08,41,4,5,,22,21,41,25
4,新店,2020-07-08,45,3,3,,20,17,45,29
3,萬里,2020-07-08,64,6,3,,16,18,64,37
2,汐止,2020-07-08,48,4,6,,25,22,48,42
1,基隆,2020-07-08,48,4,5,,27,15,48,34
56,前金,2020-07-08,24,6,2,,10,13,24,13
84,富貴角,2020-07-08,29,3,2,,18,11,29,19
83,麥寮,2020-07-08,17,4,,,13,12,,17
80,關山,2020-07-08,28,3,,,15,3,28,20
78,馬公,2020-07-08,19,3,2,,5,6,19,3
77,金門,2020-07-08,26,4,1,,19,9,26,18
75,馬祖,2020-07-08,30,4,1,,24,16,26,30
72,埔里,2020-07-08,31,4,2,,14,11,31,18
71,復興,2020-07-08,20,6,3,,9,13,,20
70,永和,2020-07-08,28,3,10,,19,23,,28
69,竹山,2020-07-08,33,6,2,,11,8,33,19
68,中壢,2020-07-08,25,4,11,,16,25,,24
67,三重,2020-07-08,42,7,16,,24,27,,42
18,大園,2020-07-08,27,4,2,,15,9,27,19
66,冬山,2020-07-08,33,3,3,,23,10,33,31
65,宜蘭,2020-07-08,44,6,3,,24,8,44,29
64,陽明,2020-07-08,32,3,2,,11,7,32,23
63,花蓮,2020-07-08,36,6,2,,19,18,36,23
62,臺東,2020-07-08,31,4,3,,18,8,31,16
61,恆春,2020-07-08,20,1,1,,5,1,20,11
60,潮州,2020-07-08,32,6,2,,18,8,32,22
59,屏東,2020-07-08,36,3,2,,16,9,36,13
58,小港,2020-07-08,19,4,5,,17,16,19,18
57,前鎮,2020-07-08,15,3,,,12,15,,11
48,橋頭,2020-07-08,22,6,2,,13,16,22,16
49,仁武,2020-07-08,22,11,2,,14,11,22,20
50,鳳山,2020-07-08,14,6,3,,11,13,,14
51,大寮,2020-07-08,29,13,3,,19,14,23,29
52,林園,2020-07-08,23,3,2,,16,11,23,18
53,楠梓,2020-07-08,21,10,2,,14,17,21,16
32,西屯,2020-07-08,29,4,2,,16,12,29,18
33,彰化,2020-07-08,25,9,2,,15,10,25,17
34,線西,2020-07-08,19,4,,,19,9,,17
35,二林,2020-07-08,23,6,2,,23,11,22,20
36,南投,2020-07-08,32,3,2,,19,8,32,13
37,斗六,2020-07-08,31,3,2,,15,8,31,11
38,崙背,2020-07-08,21,4,2,,18,8,21,6
39,新港,2020-07-08,21,4,2,,12,9,21,15
40,朴子,2020-07-08,20,6,2,,14,12,20,17
41,臺西,2020-07-08,11,4,,,11,8,,11
42,嘉義,2020-07-08,28,3,1,,12,8,28,8
43,新營,2020-07-08,25,4,2,,11,8,25,13
44,善化,2020-07-08,23,6,2,,5,9,23,20
45,安南,2020-07-08,22,6,2,,16,16,20,22
46,臺南,2020-07-08,20,4,2,,11,16,19,20
47,美濃,2020-07-08,30,4,2,,13,5,30,20
19,觀音,2020-07-08,23,3,2,,13,10,23,16
20,平鎮,2020-07-08,29,4,2,,19,12,29,20
21,龍潭,2020-07-08,33,6,2,,16,9,33,19
22,湖口,2020-07-08,26,6,1,,14,14,26,19
23,竹東,2020-07-08,31,4,2,,15,5,31,24
24,新竹,2020-07-08,25,7,2,,13,11,25,22
39,新港,2020-07-07,24,3,2,,11,10,24,13
84,富貴角,2020-07-07,33,1,1,,17,10,33,22
83,麥寮,2020-07-07,16,3,,,10,8,,16
80,關山,2020-07-07,23,3,,,12,3,23,23
78,馬公,2020-07-07,18,3,2,,5,7,18,3
77,金門,2020-07-07,25,4,1,,19,8,25,17
75,馬祖,2020-07-07,27,4,0,,23,23,26,27
72,埔里,2020-07-07,28,4,2,,13,9,28,23
71,復興,2020-07-07,13,4,5,,9,13,,13
70,永和,2020-07-07,34,4,10,,20,23,,34
69,竹山,2020-07-07,36,4,2,,13,10,36,14
68,中壢,2020-07-07,27,6,14,,14,27,,22
67,三重,2020-07-07,54,7,15,,21,29,,54
66,冬山,2020-07-07,33,3,2,,21,11,24,33
65,宜蘭,2020-07-07,30,3,2,,22,8,27,30
64,陽明,2020-07-07,30,3,2,,13,9,30,24
63,花蓮,2020-07-07,25,3,3,,22,12,25,22
62,臺東,2020-07-07,27,3,2,,18,8,27,16
61,恆春,2020-07-07,24,1,1,,5,2,24,11
60,潮州,2020-07-07,37,4,2,,17,11,37,17
59,屏東,2020-07-07,33,4,3,,13,17,33,15
58,小港,2020-07-07,20,16,3,,10,16,20,14
57,前鎮,2020-07-07,13,3,,,10,13,,10
56,前金,2020-07-07,28,6,2,,5,8,28,15
54,左營,2020-07-07,25,6,2,,5,12,25,12
53,楠梓,2020-07-07,28,4,2,,12,16,28,10
52,林園,2020-07-07,34,4,1,,14,11,34,12
51,大寮,2020-07-07,26,11,2,,15,15,26,18
50,鳳山,2020-07-07,12,4,5,,5,12,,12
49,仁武,2020-07-07,26,10,2,,11,13,26,17
48,橋頭,2020-07-07,27,4,3,,9,13,27,15
47,美濃,2020-07-07,35,4,2,,14,8,35,22
46,臺南,2020-07-07,25,6,2,,9,10,25,15
45,安南,2020-07-07,29,4,3,,11,16,29,19
44,善化,2020-07-07,32,4,2,,5,14,32,19
43,新營,2020-07-07,28,4,2,,5,8,28,15
42,嘉義,2020-07-07,28,4,2,,11,9,28,13
41,臺西,2020-07-07,11,4,,,5,9,,11
40,朴子,2020-07-07,20,6,2,,12,10,20,10
38,崙背,2020-07-07,24,4,1,,13,7,24,14
37,斗六,2020-07-07,31,4,2,,15,8,31,14
36,南投,2020-07-07,32,3,2,,14,9,32,18
35,二林,2020-07-07,24,7,1,,18,8,24,20
34,線西,2020-07-07,17,3,,,17,7,,15
33,彰化,2020-07-07,29,4,2,,15,8,29,21
32,西屯,2020-07-07,32,4,2,,12,12,32,17
31,忠明,2020-07-07,29,4,2,,11,10,29,23
30,大里,2020-07-07,31,6,3,,16,10,31,24
29,沙鹿,2020-07-07,27,4,2,,5,12,27,10
28,豐原,2020-07-07,36,4,3,,13,8,36,16
27,三義,2020-07-07,30,4,2,,10,6,30,12
26,苗栗,2020-07-07,25,6,2,,11,8,25,18
25,頭份,2020-07-07,16,6,,,10,13,,16
24,新竹,2020-07-07,26,6,2,,13,13,26,16
23,竹東,2020-07-07,37,4,2,,16,8,37,28
22,湖口,2020-07-07,26,4,2,,16,12,26,20
21,龍潭,2020-07-07,39,6,2,,13,10,39,20
20,平鎮,2020-07-07,28,4,2,,18,14,28,19
19,觀音,2020-07-07,26,4,1,,13,8,26,15
18,大園,2020-07-07,27,6,2,,15,12,27,20
17,桃園,2020-07-07,28,7,2,,13,14,28,24
16,大同,2020-07-07,54,7,27,,24,54,,40
15,松山,2020-07-07,38,6,6,,21,23,33,38
14,古亭,2020-07-07,42,3,5,,22,24,42,35
13,萬華,2020-07-07,37,4,7,,21,28,37,33
12,中山,2020-07-07,34,6,8,,21,28,34,30
11,士林,2020-07-07,35,6,5,,20,22,35,32
10,淡水,2020-07-07,29,4,5,,19,23,29,26
9,林口,2020-07-07,24,4,3,,16,19,20,24
8,菜寮,2020-07-07,36,6,7,,20,25,30,36
7,新莊,2020-07-07,41,13,6,,20,21,41,29
6,板橋,2020-07-07,37,11,7,,18,32,37,24
5,土城,2020-07-07,44,4,5,,20,25,44,29
4,新店,2020-07-07,35,3,3,,19,16,35,30
3,萬里,2020-07-07,47,6,3,,16,18,47,33
2,汐止,2020-07-07,39,6,6,,23,33,39,39
