OrderID,ProductName,Price,Quantity,Discount
T10248,item042,9.8,10,0
T10248,item072,34.8,5,0
T10249,item014,18.6,9,0
T10249,item051,42.4,40,0
T10250,item041,7.7,10,0
T10250,item051,42.4,35,0.15
T10250,item065,16.8,15,0.15
T10251,item022,16.8,6,0.05
T10251,item057,15.6,15,0.05
T10251,item065,16.8,20,0
T10252,item020,64.8,40,0.05
T10252,item033,2,25,0.05
T10252,item060,27.2,40,0
T10253,item031,10,20,0
T10253,item039,14.4,42,0
T10253,item049,16,40,0
T10254,item024,3.6,15,0.15
T10254,item055,19.2,21,0.15
T10254,item074,8,21,0
T10255,item002,15.2,20,0
T10255,item016,13.9,35,0
T10255,item036,15.2,25,0
T10255,item059,44,30,0
T10256,item053,26.2,15,0
T10256,item077,10.4,12,0
T10257,item027,35.1,25,0
T10257,item039,14.4,6,0
T10257,item077,10.4,15,0
T10258,item002,15.2,50,0.2
T10258,item005,17,65,0.2
T10258,item032,25.6,6,0.2
T10259,item021,8,10,0
T10259,item037,20.8,1,0
T10260,item041,7.7,16,0.25
T10260,item057,15.6,50,0
T10260,item062,39.4,15,0.25
T10260,item070,12,21,0.25
T10261,item021,8,20,0
T10261,item035,14.4,20,0
T10262,item005,17,12,0.2
T10262,item007,24,15,0
T10262,item056,30.4,2,0
T10263,item016,13.9,60,0.25
T10263,item024,3.6,28,0
T10263,item030,20.7,60,0.25
T10263,item074,8,36,0.25
T10264,item002,15.2,35,0
T10264,item041,7.7,25,0.15
T10265,item017,31.2,30,0
T10265,item070,12,20,0
T10266,item012,30.4,12,0.05
T10267,item040,14.7,50,0
T10267,item059,44,70,0.15
T10267,item076,14.4,15,0.15
T10268,item029,99,10,0
T10268,item072,27.8,4,0
T10269,item033,2,60,0.05
T10269,item072,27.8,20,0.05
T10270,item036,15.2,30,0
T10270,item043,36.8,25,0
T10271,item033,2,24,0
T10272,item020,64.8,6,0
T10272,item031,10,40,0
T10272,item072,27.8,24,0
T10273,item010,24.8,24,0.05
T10273,item031,10,15,0.05
T10273,item033,2,20,0
T10273,item040,14.7,60,0.05
T10273,item076,14.4,33,0.05
T10274,item071,17.2,20,0
T10274,item072,27.8,7,0
T10275,item024,3.6,12,0.05
T10275,item059,44,6,0.05
T10276,item010,24.8,15,0
T10276,item013,4.8,10,0
T10277,item028,36.4,20,0
T10277,item062,39.4,12,0
T10278,item044,15.5,16,0
T10278,item059,44,15,0
T10278,item063,35.1,8,0
T10278,item073,12,25,0
T10279,item017,31.2,15,0.25
T10280,item024,3.6,12,0
T10280,item055,19.2,20,0
T10280,item075,6.2,30,0
T10281,item019,7.3,1,0
T10281,item024,3.6,6,0
T10281,item035,14.4,4,0
T10282,item030,20.7,6,0
T10282,item057,15.6,2,0
T10283,item015,12.4,20,0
T10283,item019,7.3,18,0
T10283,item060,27.2,35,0
T10283,item072,27.8,3,0
T10284,item027,35.1,15,0.25
T10284,item044,15.5,21,0
T10284,item060,27.2,20,0.25
T10284,item067,11.2,5,0.25
T10285,item001,14.4,45,0.2
T10285,item040,14.7,40,0.2
T10285,item053,26.2,36,0.2
T10286,item035,14.4,100,0
T10286,item062,39.4,40,0
T10287,item016,13.9,40,0.15
T10287,item034,11.2,20,0
T10287,item046,9.6,15,0.15
T10288,item054,5.9,10,0.1
T10288,item068,10,3,0.1
T10289,item003,8,30,0
T10289,item064,26.6,9,0
T10290,item005,17,20,0
T10290,item024,16,15,0
T10290,item029,99,15,0
T10290,item077,10.4,10,0
T10291,item013,4.8,20,0.1
T10291,item044,15.5,24,0.1
T10291,item051,42.4,2,0.1
T10292,item020,64.8,20,0
T10293,item018,50,12,0
T10293,item024,3.6,10,0
T10293,item063,35.1,5,0
T10293,item075,6.2,6,0
T10294,item001,14.4,18,0
T10294,item017,31.2,15,0
T10294,item043,36.8,15,0
T10294,item060,27.2,21,0
T10294,item075,6.2,6,0
T10295,item056,30.4,4,0
T10296,item011,16.8,12,0
T10296,item016,13.9,30,0
T10296,item069,28.8,15,0
T10297,item039,14.4,60,0
T10297,item072,27.8,20,0
T10298,item002,15.2,40,0
T10298,item036,15.2,40,0.25
T10298,item059,44,30,0.25
T10298,item062,39.4,15,0
T10299,item019,7.3,15,0
T10299,item070,12,20,0
T10300,item066,13.6,30,0
T10300,item068,10,20,0
T10301,item040,14.7,10,0
T10301,item056,30.4,20,0
T10302,item017,31.2,40,0
T10302,item028,36.4,28,0
T10302,item043,36.8,12,0
T10303,item040,14.7,40,0.1
T10303,item065,16.8,30,0.1
T10303,item068,10,15,0.1
T10304,item049,16,30,0
T10304,item059,44,10,0
T10304,item071,17.2,2,0
T10305,item018,50,25,0.1
T10305,item029,99,25,0.1
T10305,item039,14.4,30,0.1
T10306,item030,20.7,10,0
T10306,item053,26.2,10,0
T10306,item054,5.9,5,0
T10307,item062,39.4,10,0
T10307,item068,10,3,0
T10308,item069,28.8,1,0
T10308,item070,12,5,0
T10309,item004,17.6,20,0
T10309,item006,20,30,0
T10309,item042,11.2,2,0
T10309,item043,36.8,20,0
T10309,item071,17.2,3,0
T10310,item016,13.9,10,0
T10310,item062,39.4,5,0
T10311,item042,11.2,6,0
T10311,item069,28.8,7,0
T10312,item028,36.4,4,0
T10312,item043,36.8,24,0
T10312,item053,26.2,20,0
T10312,item075,6.2,10,0
T10313,item036,15.2,12,0
T10314,item032,25.6,40,0.1
T10314,item058,10.6,30,0.1
T10314,item062,39.4,25,0.1
T10315,item034,11.2,14,0
T10315,item070,12,30,0
T10316,item041,7.7,10,0
T10316,item062,39.4,70,0
T10317,item001,14.4,20,0
T10318,item041,7.7,20,0
T10318,item076,14.4,6,0
T10319,item017,31.2,8,0
T10319,item028,36.4,14,0
T10319,item076,14.4,30,0
T10320,item071,17.2,30,0
T10321,item035,14.4,10,0
T10322,item052,5.6,20,0
T10323,item015,12.4,5,0
T10323,item025,11.2,4,0
T10323,item039,14.4,4,0
T10324,item016,13.9,21,0.15
T10324,item035,14.4,70,0.15
T10324,item046,9.6,30,0
T10324,item059,44,40,0.15
T10324,item063,35.1,80,0.15
T10325,item006,20,6,0
T10325,item013,4.8,12,0
T10325,item014,18.6,9,0
T10325,item031,10,4,0
T10325,item072,27.8,40,0
T10326,item004,17.6,24,0
T10326,item057,15.6,16,0
T10326,item075,6.2,50,0
T10327,item002,15.2,25,0.2
T10327,item011,16.8,50,0.2
T10327,item030,20.7,35,0.2
T10327,item058,10.6,30,0.2
T10328,item059,44,9,0
T10328,item065,16.8,40,0
T10328,item068,10,10,0
T10329,item019,7.3,10,0.05
T10329,item030,20.7,8,0.05
T10329,item038,210.8,20,0.05
T10329,item056,30.4,12,0.05
T10330,item026,24.9,50,0.15
T10330,item072,27.8,25,0.15
T10331,item054,5.9,15,0
T10332,item018,50,40,0.2
T10332,item042,11.2,10,0.2
T10332,item047,7.6,16,0.2
T10333,item014,18.6,10,0
T10333,item021,8,10,0.1
T10333,item071,17.2,40,0.1
T10334,item052,5.6,8,0
T10334,item068,10,10,0
T10335,item002,15.2,7,0.2
T10335,item031,10,25,0.2
T10335,item032,25.6,6,0.2
T10335,item051,42.4,48,0.2
T10336,item004,17.6,18,0.1
T10337,item023,7.2,40,0
T10337,item026,24.9,24,0
T10337,item036,15.2,20,0
T10337,item037,20.8,28,0
T10337,item072,27.8,25,0
T10338,item017,31.2,20,0
T10338,item030,20.7,15,0
T10339,item004,17.6,10,0
T10339,item017,31.2,70,0.05
T10339,item062,39.4,28,0
T10340,item018,50,20,0.05
T10340,item041,7.7,12,0.05
T10340,item043,36.8,40,0.05
T10341,item033,2,8,0
T10341,item059,44,9,0.15
T10342,item002,15.2,24,0.2
T10342,item031,10,56,0.2
T10342,item036,15.2,40,0.2
T10342,item055,19.2,40,0.2
T10343,item064,26.6,50,0
T10343,item068,10,4,0.05
T10343,item076,14.4,15,0
T10344,item004,17.6,35,0
T10344,item008,32,70,0.25
T10345,item008,32,70,0
T10345,item019,7.3,80,0
T10345,item042,11.2,9,0
T10346,item017,31.2,36,0.1
T10346,item056,30.4,20,0
T10347,item025,11.2,10,0
T10347,item039,14.4,50,0.15
T10347,item040,14.7,4,0
T10347,item075,6.2,6,0.15
T10348,item001,14.4,15,0.15
T10348,item023,7.2,25,0
T10349,item054,5.9,24,0
T10350,item050,13,15,0.1
T10350,item069,28.8,18,0.1
T10351,item038,210.8,20,0.05
T10351,item041,7.7,13,0
T10351,item044,15.5,77,0.05
T10351,item065,16.8,10,0.05
T10352,item024,3.6,10,0
T10352,item054,5.9,20,0.15
T10353,item011,16.8,12,0.2
T10353,item038,210.8,50,0.2
T10354,item001,14.4,12,0
T10354,item029,99,4,0
T10355,item024,3.6,25,0
T10355,item057,15.6,25,0
T10356,item031,10,30,0
T10356,item055,19.2,12,0
T10356,item069,28.8,20,0
T10357,item010,24.8,30,0.2
T10357,item026,24.9,16,0
T10357,item060,27.2,8,0.2
T10358,item024,3.6,10,0.05
T10358,item034,11.2,10,0.05
T10358,item036,15.2,20,0.05
T10359,item016,13.9,56,0.05
T10359,item031,10,70,0.05
T10359,item060,27.2,80,0.05
T10360,item028,36.4,30,0
T10360,item029,99,35,0
T10360,item038,210.8,10,0
T10360,item049,16,35,0
T10360,item054,5.9,28,0
T10361,item039,14.4,54,0.1
T10361,item060,27.2,55,0.1
T10362,item025,11.2,50,0
T10362,item051,42.4,20,0
T10362,item054,5.9,24,0
T10363,item031,10,20,0
T10363,item075,6.2,12,0
T10363,item076,14.4,12,0
T10364,item069,28.8,30,0
T10364,item071,17.2,5,0
T10365,item011,16.8,24,0
T10366,item065,16.8,5,0
T10366,item077,10.4,5,0
T10367,item034,11.2,36,0
T10367,item054,5.9,18,0
T10367,item065,16.8,15,0
T10367,item077,10.4,7,0
T10368,item021,8,5,0.1
T10368,item028,36.4,13,0.1
T10368,item057,15.6,25,0
T10368,item064,26.6,35,0.1
T10369,item029,99,20,0
T10369,item056,30.4,18,0.25
T10370,item001,14.4,15,0.15
T10370,item064,26.6,30,0
T10370,item074,8,20,0.15
T10371,item036,15.2,6,0.2
T10372,item020,64.8,12,0.25
T10372,item038,210.8,40,0.25
T10372,item060,27.2,70,0.25
T10372,item072,27.8,42,0.25
T10373,item058,10.6,80,0.2
T10373,item071,17.2,50,0.2
T10374,item031,10,30,0
T10374,item058,10.6,15,0
T10375,item014,18.6,15,0
T10375,item054,5.9,10,0
T10376,item031,10,42,0.05
T10377,item028,36.4,20,0.15
T10377,item039,14.4,20,0.15
T10378,item071,17.2,6,0
T10379,item041,7.7,8,0.1
T10379,item063,35.1,16,0.1
T10379,item065,16.8,20,0.1
T10380,item030,20.7,18,0.1
T10380,item053,26.2,20,0.1
T10380,item060,27.2,6,0.1
T10380,item070,12,30,0
T10381,item074,8,14,0
T10382,item005,17,32,0
T10382,item018,50,9,0
T10382,item029,99,14,0
T10382,item033,2,60,0
T10382,item074,8,50,0
T10383,item013,4.8,20,0
T10383,item050,13,15,0
T10383,item056,30.4,20,0
T10384,item020,64.8,28,0
T10384,item060,27.2,15,0
T10385,item007,24,10,0.2
T10385,item060,27.2,20,0.2
T10385,item068,10,8,0.2
T10386,item024,3.6,15,0
T10386,item034,11.2,10,0
T10387,item024,3.6,15,0
T10387,item028,36.4,6,0
T10387,item059,44,12,0
T10387,item071,17.2,15,0
T10388,item045,7.6,15,0.2
T10388,item052,5.6,20,0.2
T10388,item053,26.2,40,0
T10389,item010,24.8,16,0
T10389,item055,19.2,15,0
T10389,item062,39.4,20,0
T10389,item070,12,30,0
T10390,item031,10,60,0.1
T10390,item035,14.4,40,0.1
T10390,item046,9.6,45,0
T10390,item072,27.8,24,0.1
T10391,item013,4.8,18,0
T10392,item069,28.8,50,0
T10393,item002,15.2,25,0.25
T10393,item014,18.6,42,0.25
T10393,item025,11.2,7,0.25
T10393,item026,24.9,70,0.25
T10393,item031,10,32,0
T10394,item013,4.8,10,0
T10394,item062,39.4,10,0
T10395,item046,9.6,28,0.1
T10395,item053,26.2,70,0.1
T10395,item069,28.8,8,0
T10396,item023,7.2,40,0
T10396,item071,17.2,60,0
T10396,item072,27.8,21,0
T10397,item021,8,10,0.15
T10397,item051,42.4,18,0.15
T10398,item035,14.4,30,0
T10398,item055,19.2,120,0.1
T10399,item068,10,60,0
T10399,item071,17.2,30,0
T10399,item076,14.4,35,0
T10399,item077,10.4,14,0
T10400,item029,99,21,0
T10400,item035,14.4,35,0
T10400,item049,16,30,0
T10401,item030,20.7,18,0
T10401,item056,30.4,70,0
T10401,item065,16.8,20,0
T10401,item071,17.2,60,0
T10402,item023,7.2,60,0
T10402,item063,35.1,65,0
T10403,item016,13.9,21,0.15
T10403,item048,10.2,70,0.15
T10404,item026,24.9,30,0.05
T10404,item042,11.2,40,0.05
T10404,item049,16,30,0.05
T10405,item003,8,50,0
T10406,item001,14.4,10,0
T10406,item021,8,30,0.1
T10406,item028,36.4,42,0.1
T10406,item036,15.2,5,0.1
T10406,item040,14.7,2,0.1
T10407,item011,16.8,30,0
T10407,item069,28.8,15,0
T10407,item071,17.2,15,0
T10408,item037,20.8,10,0
T10408,item054,5.9,6,0
T10408,item062,39.4,35,0
T10409,item014,18.6,12,0
T10409,item021,8,12,0
T10410,item033,2,49,0
T10410,item059,44,16,0
T10411,item041,7.7,25,0.2
T10411,item044,15.5,40,0.2
T10411,item059,44,9,0.2
T10412,item014,18.6,20,0.1
T10413,item001,14.4,24,0
T10413,item062,39.4,40,0
T10413,item076,14.4,14,0
T10414,item019,7.3,18,0.05
T10414,item033,2,50,0
T10415,item017,31.2,2,0
T10415,item033,2,20,0
T10416,item019,7.3,20,0
T10416,item053,26.2,10,0
T10416,item057,15.6,20,0
T10417,item038,210.8,50,0
T10417,item046,9.6,2,0.25
T10417,item068,10,36,0.25
T10417,item077,10.4,35,0
T10418,item002,15.2,60,0
T10418,item047,7.6,55,0
T10418,item061,22.8,16,0
T10418,item074,8,15,0
T10419,item060,27.2,60,0.05
T10419,item069,28.8,20,0.05
T10420,item009,77.6,20,0.1
T10420,item013,4.8,2,0.1
T10420,item070,12,8,0.1
T10420,item073,12,20,0.1
T10421,item019,7.3,4,0.15
T10421,item026,24.9,30,0
T10421,item053,26.2,15,0.15
T10421,item077,10.4,10,0.15
T10422,item026,24.9,2,0
T10423,item031,10,14,0
T10423,item059,44,20,0
T10424,item035,14.4,60,0.2
T10424,item038,210.8,49,0.2
T10424,item068,10,30,0.2
T10425,item055,19.2,10,0.25
T10425,item076,14.4,20,0.25
T10426,item056,30.4,5,0
T10426,item064,26.6,7,0
T10427,item014,18.6,35,0
T10428,item046,9.6,20,0
T10429,item050,13,40,0
T10429,item063,35.1,35,0.25
T10430,item017,31.2,45,0.2
T10430,item021,8,50,0
T10430,item056,30.4,30,0
T10430,item059,44,70,0.2
T10431,item017,31.2,50,0.25
T10431,item040,14.7,50,0.25
T10431,item047,7.6,30,0.25
T10432,item026,24.9,10,0
T10432,item054,5.9,40,0
T10433,item056,30.4,28,0
T10434,item011,16.8,6,0
T10434,item076,14.4,18,0.15
T10435,item002,15.2,10,0
T10435,item022,16.8,12,0
T10435,item072,27.8,10,0
T10436,item046,9.6,5,0
T10436,item056,30.4,40,0.1
T10436,item064,26.6,30,0.1
T10436,item075,6.2,24,0.1
T10437,item053,26.2,15,0
T10438,item019,7.3,15,0.2
T10438,item034,11.2,20,0.2
T10438,item057,15.6,15,0.2
T10439,item012,30.4,15,0
T10439,item016,13.9,16,0
T10439,item064,26.6,6,0
T10439,item074,8,30,0
T10440,item002,15.2,45,0.15
T10440,item016,13.9,49,0.15
T10440,item029,99,24,0.15
T10440,item061,22.8,90,0.15
T10441,item027,35.1,50,0
T10442,item011,16.8,30,0
T10442,item054,5.9,80,0
T10442,item066,13.6,60,0
T10443,item011,16.8,6,0.2
T10443,item028,36.4,12,0
T10444,item017,31.2,10,0
T10444,item026,24.9,15,0
T10444,item035,14.4,8,0
T10444,item041,7.7,30,0
T10445,item039,14.4,6,0
T10445,item054,5.9,15,0
T10446,item019,7.3,12,0.1
T10446,item024,3.6,20,0.1
T10446,item031,10,3,0.1
T10446,item052,5.6,15,0.1
T10447,item019,7.3,40,0
T10447,item065,16.8,35,0
T10447,item071,17.2,2,0
T10448,item026,24.9,6,0
T10448,item040,14.7,20,0
T10449,item010,24.8,14,0
T10449,item052,5.6,20,0
T10449,item062,39.4,35,0
T10450,item010,24.8,20,0.2
T10450,item054,5.9,6,0.2
T10451,item055,19.2,120,0.1
T10451,item064,26.6,35,0.1
T10451,item065,16.8,28,0.1
T10451,item077,10.4,55,0.1
T10452,item028,36.4,15,0
T10452,item044,15.5,100,0.05
T10453,item048,10.2,15,0.1
T10453,item070,12,25,0.1
T10454,item016,13.9,20,0.2
T10454,item033,2,20,0.2
T10454,item046,9.6,10,0.2
T10455,item039,14.4,20,0
T10455,item053,26.2,50,0
T10455,item061,22.8,25,0
T10455,item071,17.2,30,0
T10456,item021,8,40,0.15
T10456,item049,16,21,0.15
T10457,item059,44,36,0
T10458,item026,24.9,30,0
T10458,item028,36.4,30,0
T10458,item043,36.8,20,0
T10458,item056,30.4,15,0
T10458,item071,17.2,50,0
T10459,item007,24,16,0.05
T10459,item046,9.6,20,0.05
T10459,item072,27.8,40,0
T10460,item068,10,21,0.25
T10460,item075,6.2,4,0.25
T10461,item021,8,40,0.25
T10461,item030,20.7,28,0.25
T10461,item055,19.2,60,0.25
T10462,item013,4.8,1,0
T10462,item023,7.2,21,0
T10463,item019,7.3,21,0
T10463,item042,11.2,50,0
T10464,item004,17.6,16,0.2
T10464,item043,36.8,3,0
T10464,item056,30.4,30,0.2
T10464,item060,27.2,20,0
T10465,item024,3.6,25,0
T10465,item029,99,18,0.1
T10465,item040,14.7,20,0
T10465,item045,7.6,30,0.1
T10465,item050,13,25,0
T10466,item011,16.8,10,0
T10466,item046,9.6,5,0
T10467,item024,3.6,28,0
T10467,item025,11.2,12,0
T10468,item030,20.7,8,0
T10468,item043,36.8,15,0
T10469,item002,15.2,40,0.15
T10469,item016,13.9,35,0.15
T10469,item044,15.5,2,0.15
T10470,item018,50,30,0
T10470,item023,7.2,15,0
T10470,item064,26.6,8,0
T10471,item007,24,30,0
T10471,item056,30.4,20,0
T10472,item024,3.6,80,0.05
T10472,item051,42.4,18,0
T10473,item033,2,12,0
T10473,item071,17.2,12,0
T10474,item014,18.6,12,0
T10474,item028,36.4,18,0
T10474,item040,14.7,21,0
T10474,item075,6.2,10,0
T10475,item031,10,35,0.15
T10475,item066,13.6,60,0.15
T10475,item076,14.4,42,0.15
T10476,item055,19.2,2,0.05
T10476,item070,12,12,0
T10477,item001,14.4,15,0
T10477,item021,8,21,0.25
T10477,item039,14.4,20,0.25
T10478,item010,24.8,20,0.05
T10479,item038,210.8,30,0
T10479,item053,26.2,28,0
T10479,item059,44,60,0
T10479,item064,26.6,30,0
T10480,item047,7.6,30,0
T10480,item059,44,12,0
T10481,item049,16,24,0
T10481,item060,27.2,40,0
T10482,item040,14.7,10,0
T10483,item034,11.2,35,0.05
T10483,item077,10.4,30,0.05
T10484,item021,8,14,0
T10484,item040,14.7,10,0
T10484,item051,42.4,3,0
T10485,item002,15.2,20,0.1
T10485,item003,8,20,0.1
T10485,item055,19.2,30,0.1
T10485,item070,12,60,0.1
T10486,item011,16.8,5,0
T10486,item051,42.4,25,0
T10486,item074,8,16,0
T10487,item019,7.3,5,0
T10487,item026,24.9,30,0
T10487,item054,5.9,24,0.25
T10488,item059,44,30,0
T10488,item073,12,20,0.2
T10489,item011,16.8,15,0.25
T10489,item016,13.9,18,0
T10490,item059,44,60,0
T10490,item068,10,30,0
T10490,item075,6.2,36,0
T10491,item044,15.5,15,0.15
T10491,item077,10.4,7,0.15
T10492,item025,11.2,60,0.05
T10492,item042,11.2,20,0.05
T10493,item065,16.8,15,0.1
T10493,item066,13.6,10,0.1
T10493,item069,28.8,10,0.1
T10494,item056,30.4,30,0
T10495,item023,7.2,10,0
T10495,item041,7.7,20,0
T10495,item077,10.4,5,0
T10496,item031,10,20,0.05
T10497,item056,30.4,14,0
T10497,item072,27.8,25,0
T10497,item077,10.4,25,0
T10498,item024,4.5,14,0
T10498,item040,18.4,5,0
T10498,item042,14,30,0
T10499,item028,45.6,20,0
T10499,item049,20,25,0
T10500,item015,15.5,12,0.05
T10500,item028,45.6,8,0.05
T10501,item054,7.45,20,0
T10502,item045,9.5,21,0
T10502,item053,32.8,6,0
T10502,item067,14,30,0
T10503,item014,23.25,70,0
T10503,item065,21.05,20,0
T10504,item002,19,12,0
T10504,item021,10,12,0
T10504,item053,32.8,10,0
T10504,item061,28.5,25,0
T10505,item062,49.3,3,0
T10506,item025,14,18,0.1
T10506,item070,15,14,0.1
T10507,item043,46,15,0.15
T10507,item048,12.75,15,0.15
T10508,item013,6,10,0
T10508,item039,18,10,0
T10509,item028,45.6,3,0
T10510,item029,123.79,36,0
T10510,item075,7.75,36,0.1
T10511,item004,22,50,0.15
T10511,item007,30,50,0.15
T10511,item008,40,10,0.15
T10512,item024,4.5,10,0.15
T10512,item046,12,9,0.15
T10512,item047,9.5,6,0.15
T10512,item060,34,12,0.15
T10513,item021,10,40,0.2
T10513,item032,32,50,0.2
T10513,item061,28.5,15,0.2
T10514,item020,81,39,0
T10514,item028,45.6,35,0
T10514,item056,38,70,0
T10514,item065,21.05,39,0
T10514,item075,7.75,50,0
T10515,item009,97,16,0.15
T10515,item016,17.45,50,0
T10515,item027,43.9,120,0
T10515,item033,2.5,16,0.15
T10515,item060,34,84,0.15
T10516,item018,62.5,25,0.1
T10516,item041,9.65,80,0.1
T10516,item042,14,20,0
T10517,item052,7,6,0
T10517,item059,55,4,0
T10517,item070,15,6,0
T10518,item024,4.5,5,0
T10518,item038,263.5,15,0
T10518,item044,19.45,9,0
T10519,item010,31,16,0.05
T10519,item056,38,40,0
T10519,item060,34,10,0.05
T10520,item024,4.5,8,0
T10520,item053,32.8,5,0
T10521,item035,18,3,0
T10521,item041,9.65,10,0
T10521,item068,12.5,6,0
T10522,item001,18,40,0.2
T10522,item008,40,24,0
T10522,item030,25.89,20,0.2
T10522,item040,18.4,25,0.2
T10523,item017,39,25,0.1
T10523,item020,81,15,0.1
T10523,item037,26,18,0.1
T10523,item041,9.65,6,0.1
T10524,item010,31,2,0
T10524,item030,25.89,10,0
T10524,item043,46,60,0
T10524,item054,7.45,15,0
T10525,item036,19,30,0
T10525,item040,18.4,15,0.1
T10526,item001,18,8,0.15
T10526,item013,6,10,0
T10526,item056,38,30,0.15
T10527,item004,22,50,0.1
T10527,item036,19,30,0.1
T10528,item011,21,3,0
T10528,item033,2.5,8,0.2
T10528,item072,34.8,9,0
T10529,item055,24,14,0
T10529,item068,12.5,20,0
T10529,item069,36,10,0
T10530,item017,39,40,0
T10530,item043,46,25,0
T10530,item061,28.5,20,0
T10530,item076,18,50,0
T10531,item059,55,2,0
T10532,item030,25.89,15,0
T10532,item066,17,24,0
T10533,item004,22,50,0.05
T10533,item072,34.8,24,0
T10533,item073,15,24,0.05
T10534,item030,25.89,10,0
T10534,item040,18.4,10,0.2
T10534,item054,7.45,10,0.2
T10535,item011,21,50,0.1
T10535,item040,18.4,10,0.1
T10535,item057,19.5,5,0.1
T10535,item059,55,15,0.1
T10536,item012,38,15,0.25
T10536,item031,12.5,20,0
T10536,item033,2.5,30,0
T10536,item060,34,35,0.25
T10537,item031,12.5,30,0
T10537,item051,53,6,0
T10537,item058,13.25,20,0
T10537,item072,34.8,21,0
T10537,item073,15,9,0
T10538,item070,15,7,0
T10538,item072,34.8,1,0
T10539,item013,6,8,0
T10539,item021,10,15,0
T10539,item033,2.5,15,0
T10539,item049,20,6,0
T10540,item003,10,60,0
T10540,item026,31.23,40,0
T10540,item038,263.5,30,0
T10540,item068,12.5,35,0
T10541,item024,4.5,35,0.1
T10541,item038,263.5,4,0.1
T10541,item065,21.05,36,0.1
T10541,item071,21.5,9,0.1
T10542,item011,21,15,0.05
T10542,item054,7.45,24,0.05
T10543,item012,38,30,0.15
T10543,item023,9,70,0.15
T10544,item028,45.6,7,0
T10544,item067,14,7,0
T10545,item011,21,10,0
T10546,item007,30,10,0
T10546,item035,18,30,0
T10546,item062,49.3,40,0
T10547,item032,32,24,0.15
T10547,item036,19,60,0
T10548,item034,14,10,0.25
T10548,item041,9.65,14,0
T10549,item031,12.5,55,0.15
T10549,item045,9.5,100,0.15
T10549,item051,53,48,0.15
T10550,item017,39,8,0.1
T10550,item019,9.2,10,0
T10550,item021,10,6,0.1
T10550,item061,28.5,10,0.1
T10551,item016,17.45,40,0.15
T10551,item035,18,20,0.15
T10551,item044,19.45,40,0
T10552,item069,36,18,0
T10552,item075,7.75,30,0
T10553,item011,21,15,0
T10553,item016,17.45,14,0
T10553,item022,21,24,0
T10553,item031,12.5,30,0
T10553,item035,18,6,0
T10554,item016,17.45,30,0.05
T10554,item023,9,20,0.05
T10554,item062,49.3,20,0.05
T10554,item077,13,10,0.05
T10555,item014,23.25,30,0.2
T10555,item019,9.2,35,0.2
T10555,item024,4.5,18,0.2
T10555,item051,53,20,0.2
T10555,item056,38,40,0.2
T10556,item072,34.8,24,0
T10557,item064,33.25,30,0
T10557,item075,7.75,20,0
T10558,item047,9.5,25,0
T10558,item051,53,20,0
T10558,item052,7,30,0
T10558,item053,32.8,18,0
T10558,item073,15,3,0
T10559,item041,9.65,12,0.05
T10559,item055,24,18,0.05
T10560,item030,25.89,20,0
T10560,item062,49.3,15,0.25
T10561,item044,19.45,10,0
T10561,item051,53,50,0
T10562,item033,2.5,20,0.1
T10562,item062,49.3,10,0.1
T10563,item036,19,25,0
T10563,item052,7,70,0
T10564,item017,39,16,0.05
T10564,item031,12.5,6,0.05
T10564,item055,24,25,0.05
T10565,item024,4.5,25,0.1
T10565,item064,33.25,18,0.1
T10566,item011,21,35,0.15
T10566,item018,62.5,18,0.15
T10566,item076,18,10,0
T10567,item031,12.5,60,0.2
T10567,item051,53,3,0
T10567,item059,55,40,0.2
T10568,item010,31,5,0
T10569,item031,12.5,35,0.2
T10569,item076,18,30,0
T10570,item011,21,15,0.05
T10570,item056,38,60,0.05
T10571,item014,23.25,11,0.15
T10571,item042,14,28,0.15
T10572,item016,17.45,12,0.1
T10572,item032,32,10,0.1
T10572,item040,18.4,50,0
T10572,item075,7.75,15,0.1
T10573,item017,39,18,0
T10573,item034,14,40,0
T10573,item053,32.8,25,0
T10574,item033,2.5,14,0
T10574,item040,18.4,2,0
T10574,item062,49.3,10,0
T10574,item064,33.25,6,0
T10575,item059,55,12,0
T10575,item063,43.9,6,0
T10575,item072,34.8,30,0
T10575,item076,18,10,0
T10576,item001,18,10,0
T10576,item031,12.5,20,0
T10576,item044,19.45,21,0
T10577,item039,18,10,0
T10577,item075,7.75,20,0
T10577,item077,13,18,0
T10578,item035,18,20,0
T10578,item057,19.5,6,0
T10579,item015,15.5,10,0
T10579,item075,7.75,21,0
T10580,item014,23.25,15,0.05
T10580,item041,9.65,9,0.05
T10580,item065,21.05,30,0.05
T10581,item075,7.75,50,0.2
T10582,item057,19.5,4,0
T10582,item076,18,14,0
T10583,item029,123.79,10,0
T10583,item060,34,24,0.15
T10583,item069,36,10,0.15
T10584,item031,12.5,50,0.05
T10585,item047,9.5,15,0
T10586,item052,7,4,0.15
T10587,item026,31.23,6,0
T10587,item035,18,20,0
T10587,item077,13,20,0
T10588,item018,62.5,40,0.2
T10588,item042,14,100,0.2
T10589,item035,18,4,0
T10590,item001,18,20,0
T10590,item077,13,60,0.05
T10591,item003,10,14,0
T10591,item007,30,10,0
T10591,item054,7.45,50,0
T10592,item015,15.5,25,0.05
T10592,item026,31.23,5,0.05
T10593,item020,81,21,0.2
T10593,item069,36,20,0.2
T10593,item076,18,4,0.2
T10594,item052,7,24,0
T10594,item058,13.25,30,0
T10595,item035,18,30,0.25
T10595,item061,28.5,120,0.25
T10595,item069,36,65,0.25
T10596,item056,38,5,0.2
T10596,item063,43.9,24,0.2
T10596,item075,7.75,30,0.2
T10597,item024,4.5,35,0.2
T10597,item057,19.5,20,0
T10597,item065,21.05,12,0.2
T10598,item027,43.9,50,0
T10598,item071,21.5,9,0
T10599,item062,49.3,10,0
T10600,item054,7.45,4,0
T10600,item073,15,30,0
T10601,item013,6,60,0
T10601,item059,55,35,0
T10602,item077,13,5,0.25
T10603,item022,21,48,0
T10603,item049,20,25,0.05
T10604,item048,12.75,6,0.1
T10604,item076,18,10,0.1
T10605,item016,17.45,30,0.05
T10605,item059,55,20,0.05
T10605,item060,34,70,0.05
T10605,item071,21.5,15,0.05
T10606,item004,22,20,0.2
T10606,item055,24,20,0.2
T10606,item062,49.3,10,0.2
T10607,item007,30,45,0
T10607,item017,39,100,0
T10607,item033,2.5,14,0
T10607,item040,18.4,42,0
T10607,item072,34.8,12,0
T10608,item056,38,28,0
T10609,item001,18,3,0
T10609,item010,31,10,0
T10609,item021,10,6,0
T10610,item036,19,21,0.25
T10611,item001,18,6,0
T10611,item002,19,10,0
T10611,item060,34,15,0
T10612,item010,31,70,0
T10612,item036,19,55,0
T10612,item049,20,18,0
T10612,item060,34,40,0
T10612,item076,18,80,0
T10613,item013,6,8,0.1
T10613,item075,7.75,40,0
T10614,item011,21,14,0
T10614,item021,10,8,0
T10614,item039,18,5,0
T10615,item055,24,5,0
T10616,item038,263.5,15,0.05
T10616,item056,38,14,0
T10616,item070,15,15,0.05
T10616,item071,21.5,15,0.05
T10617,item059,55,30,0.15
T10618,item006,25,70,0
T10618,item056,38,20,0
T10618,item068,12.5,15,0
T10619,item021,10,42,0
T10619,item022,21,40,0
T10620,item024,4.5,5,0
T10620,item052,7,5,0
T10621,item019,9.2,5,0
T10621,item023,9,10,0
T10621,item070,15,20,0
T10621,item071,21.5,15,0
T10622,item002,19,20,0
T10622,item068,12.5,18,0.2
T10623,item014,23.25,21,0
T10623,item019,9.2,15,0.1
T10623,item021,10,25,0.1
T10623,item024,4.5,3,0
T10623,item035,18,30,0.1
T10624,item028,45.6,10,0
T10624,item029,123.79,6,0
T10624,item044,19.45,10,0
T10625,item014,23.25,3,0
T10625,item042,14,5,0
T10625,item060,34,10,0
T10626,item053,32.8,12,0
T10626,item060,34,20,0
T10626,item071,21.5,20,0
T10627,item062,49.3,15,0
T10627,item073,15,35,0.15
T10628,item001,18,25,0
T10629,item029,123.79,20,0
T10629,item064,33.25,9,0
T10630,item055,24,12,0.05
T10630,item076,18,35,0
T10631,item075,7.75,8,0.1
T10632,item002,19,30,0.05
T10632,item033,2.5,20,0.05
T10633,item012,38,36,0.15
T10633,item013,6,13,0.15
T10633,item026,31.23,35,0.15
T10633,item062,49.3,80,0.15
T10634,item007,30,35,0
T10634,item018,62.5,50,0
T10634,item051,53,15,0
T10634,item075,7.75,2,0
T10635,item004,22,10,0.1
T10635,item005,21.35,15,0.1
T10635,item022,21,40,0
T10636,item004,22,25,0
T10636,item058,13.25,6,0
T10637,item011,21,10,0
T10637,item050,16.25,25,0.05
T10637,item056,38,60,0.05
T10638,item045,9.5,20,0
T10638,item065,21.05,21,0
T10638,item072,34.8,60,0
T10639,item018,62.5,8,0
T10640,item069,36,20,0.25
T10640,item070,15,15,0.25
T10641,item002,19,50,0
T10641,item040,18.4,60,0
T10642,item021,10,30,0.2
T10642,item061,28.5,20,0.2
T10643,item028,45.6,15,0.25
T10643,item039,18,21,0.25
T10643,item046,12,2,0.25
T10644,item018,62.5,4,0.1
T10644,item043,46,20,0
T10644,item046,12,21,0.1
T10645,item018,62.5,20,0
T10645,item036,19,15,0
T10646,item001,18,15,0.25
T10646,item010,31,18,0.25
T10646,item071,21.5,30,0.25
T10646,item077,13,35,0.25
T10647,item019,9.2,30,0
T10647,item039,18,20,0
T10648,item022,21,15,0
T10648,item024,4.5,15,0.15
T10649,item028,45.6,20,0
T10649,item072,34.8,15,0
T10650,item030,25.89,30,0
T10650,item053,32.8,25,0.05
T10650,item054,7.45,30,0
T10651,item019,9.2,12,0.25
T10651,item022,21,20,0.25
T10652,item030,25.89,2,0.25
T10652,item042,14,20,0
T10653,item016,17.45,30,0.1
T10653,item060,34,20,0.1
T10654,item004,22,12,0.1
T10654,item039,18,20,0.1
T10654,item054,7.45,6,0.1
T10655,item041,9.65,20,0.2
T10656,item014,23.25,3,0.1
T10656,item044,19.45,28,0.1
T10656,item047,9.5,6,0.1
T10657,item015,15.5,50,0
T10657,item041,9.65,24,0
T10657,item046,12,45,0
T10657,item047,9.5,10,0
T10657,item056,38,45,0
T10657,item060,34,30,0
T10658,item021,10,60,0
T10658,item040,18.4,70,0.05
T10658,item060,34,55,0.05
T10658,item077,13,70,0.05
T10659,item031,12.5,20,0.05
T10659,item040,18.4,24,0.05
T10659,item070,15,40,0.05
T10660,item020,81,21,0
T10661,item039,18,3,0.2
T10661,item058,13.25,49,0.2
T10662,item068,12.5,10,0
T10663,item040,18.4,30,0.05
T10663,item042,14,30,0.05
T10663,item051,53,20,0.05
T10664,item010,31,24,0.15
T10664,item056,38,12,0.15
T10664,item065,21.05,15,0.15
T10665,item051,53,20,0
T10665,item059,55,1,0
T10665,item076,18,10,0
T10666,item029,123.79,36,0
T10666,item065,21.05,10,0
T10667,item069,36,45,0.2
T10667,item071,21.5,14,0.2
T10668,item031,12.5,8,0.1
T10668,item055,24,4,0.1
T10668,item064,33.25,15,0.1
T10669,item036,19,30,0
T10670,item023,9,32,0
T10670,item046,12,60,0
T10670,item067,14,25,0
T10670,item073,15,50,0
T10670,item075,7.75,25,0
T10671,item016,17.45,10,0
T10671,item062,49.3,10,0
T10671,item065,21.05,12,0
T10672,item038,263.5,15,0.1
T10672,item071,21.5,12,0
T10673,item016,17.45,3,0
T10673,item042,14,6,0
T10673,item043,46,6,0
T10674,item023,9,5,0
T10675,item014,23.25,30,0
T10675,item053,32.8,10,0
T10675,item058,13.25,30,0
T10676,item010,31,2,0
T10676,item019,9.2,7,0
T10676,item044,19.45,21,0
T10677,item026,31.23,30,0.15
T10677,item033,2.5,8,0.15
T10678,item012,38,100,0
T10678,item033,2.5,30,0
T10678,item041,9.65,120,0
T10678,item054,7.45,30,0
T10679,item059,55,12,0
T10680,item016,17.45,50,0.25
T10680,item031,12.5,20,0.25
T10680,item042,14,40,0.25
T10681,item019,9.2,30,0.1
T10681,item021,10,12,0.1
T10681,item064,33.25,28,0
T10682,item033,2.5,30,0
T10682,item066,17,4,0
T10682,item075,7.75,30,0
T10683,item052,7,9,0
T10684,item040,18.4,20,0
T10684,item047,9.5,40,0
T10684,item060,34,30,0
T10685,item010,31,20,0
T10685,item041,9.65,4,0
T10685,item047,9.5,15,0
T10686,item017,39,30,0.2
T10686,item026,31.23,15,0
T10687,item009,97,50,0.25
T10687,item029,123.79,10,0
T10687,item036,19,6,0.25
T10688,item010,31,18,0.1
T10688,item028,45.6,60,0.1
T10688,item034,14,14,0
T10689,item001,18,35,0.25
T10690,item056,38,20,0.25
T10690,item077,13,30,0.25
T10691,item001,18,30,0
T10691,item029,123.79,40,0
T10691,item043,46,40,0
T10691,item044,19.45,24,0
T10691,item062,49.3,48,0
T10692,item063,43.9,20,0
T10693,item009,97,6,0
T10693,item054,7.45,60,0.15
T10693,item069,36,30,0.15
T10693,item073,15,15,0.15
T10694,item007,30,90,0
T10694,item059,55,25,0
T10694,item070,15,50,0
T10695,item008,40,10,0
T10695,item012,38,4,0
T10695,item024,4.5,20,0
T10696,item017,39,20,0
T10696,item046,12,18,0
T10697,item019,9.2,7,0.25
T10697,item035,18,9,0.25
T10697,item058,13.25,30,0.25
T10697,item070,15,30,0.25
T10698,item011,21,15,0
T10698,item017,39,8,0.05
T10698,item029,123.79,12,0.05
T10698,item065,21.05,65,0.05
T10698,item070,15,8,0.05
T10699,item047,9.5,12,0
T10700,item001,18,5,0.2
T10700,item034,14,12,0.2
T10700,item068,12.5,40,0.2
T10700,item071,21.5,60,0.2
T10701,item059,55,42,0.15
T10701,item071,21.5,20,0.15
T10701,item076,18,35,0.15
T10702,item003,10,6,0
T10702,item076,18,15,0
T10703,item002,19,5,0
T10703,item059,55,35,0
T10703,item073,15,35,0
T10704,item004,22,6,0
T10704,item024,4.5,35,0
T10704,item048,12.75,24,0
T10705,item031,12.5,20,0
T10705,item032,32,4,0
T10706,item016,17.45,20,0
T10706,item043,46,24,0
T10706,item059,55,8,0
T10707,item055,24,21,0
T10707,item057,19.5,40,0
T10707,item070,15,28,0.15
T10708,item005,21.35,4,0
T10708,item036,19,5,0
T10709,item008,40,40,0
T10709,item051,53,28,0
T10709,item060,34,10,0
T10710,item019,9.2,5,0
T10710,item047,9.5,5,0
T10711,item019,9.2,12,0
T10711,item041,9.65,42,0
T10711,item053,32.8,120,0
T10712,item053,32.8,3,0.05
T10712,item056,38,30,0
T10713,item010,31,18,0
T10713,item026,31.23,30,0
T10713,item045,9.5,110,0
T10713,item046,12,24,0
T10714,item002,19,30,0.25
T10714,item017,39,27,0.25
T10714,item047,9.5,50,0.25
T10714,item056,38,18,0.25
T10714,item058,13.25,12,0.25
T10715,item010,31,21,0
T10715,item071,21.5,30,0
T10716,item021,10,5,0
T10716,item051,53,7,0
T10716,item061,28.5,10,0
T10717,item021,10,32,0.05
T10717,item054,7.45,15,0
T10717,item069,36,25,0.05
T10718,item012,38,36,0
T10718,item016,17.45,20,0
T10718,item036,19,40,0
T10718,item062,49.3,20,0
T10719,item018,62.5,12,0.25
T10719,item030,25.89,3,0.25
T10719,item054,7.45,40,0.25
T10720,item035,18,21,0
T10720,item071,21.5,8,0
T10721,item044,19.45,50,0.05
T10722,item002,19,3,0
T10722,item031,12.5,50,0
T10722,item068,12.5,45,0
T10722,item075,7.75,42,0
T10723,item026,31.23,15,0
T10724,item010,31,16,0
T10724,item061,28.5,5,0
T10725,item041,9.65,12,0
T10725,item052,7,4,0
T10725,item055,24,6,0
T10726,item004,22,25,0
T10726,item011,21,5,0
T10727,item017,39,20,0.05
T10727,item056,38,10,0.05
T10727,item059,55,10,0.05
T10728,item030,25.89,15,0
T10728,item040,18.4,6,0
T10728,item055,24,12,0
T10728,item060,34,15,0
T10729,item001,18,50,0
T10729,item021,10,30,0
T10729,item050,16.25,40,0
T10730,item016,17.45,15,0.05
T10730,item031,12.5,3,0.05
T10730,item065,21.05,10,0.05
T10731,item021,10,40,0.05
T10731,item051,53,30,0.05
T10732,item076,18,20,0
T10733,item014,23.25,16,0
T10733,item028,45.6,20,0
T10733,item052,7,25,0
T10734,item006,25,30,0
T10734,item030,25.89,15,0
T10734,item076,18,20,0
T10735,item061,28.5,20,0.1
T10735,item077,13,2,0.1
T10736,item065,21.05,40,0
T10736,item075,7.75,20,0
T10737,item013,6,4,0
T10737,item041,9.65,12,0
T10738,item016,17.45,3,0
T10739,item036,19,6,0
T10739,item052,7,18,0
T10740,item028,45.6,5,0.2
T10740,item035,18,35,0.2
T10740,item045,9.5,40,0.2
T10740,item056,38,14,0.2
T10741,item002,19,15,0.2
T10742,item003,10,20,0
T10742,item060,34,50,0
T10742,item072,34.8,35,0
T10743,item046,12,28,0.05
T10744,item040,18.4,50,0.2
T10745,item018,62.5,24,0
T10745,item044,19.45,16,0
T10745,item059,55,45,0
T10745,item072,34.8,7,0
T10746,item013,6,6,0
T10746,item042,14,28,0
T10746,item062,49.3,9,0
T10746,item069,36,40,0
T10747,item031,12.5,8,0
T10747,item041,9.65,35,0
T10747,item063,43.9,9,0
T10747,item069,36,30,0
T10748,item023,9,44,0
T10748,item040,18.4,40,0
T10748,item056,38,28,0
T10749,item056,38,15,0
T10749,item059,55,6,0
T10749,item076,18,10,0
T10750,item014,23.25,5,0.15
T10750,item045,9.5,40,0.15
T10750,item059,55,25,0.15
T10751,item026,31.23,12,0.1
T10751,item030,25.89,30,0
T10751,item050,16.25,20,0.1
T10751,item073,15,15,0
T10752,item001,18,8,0
T10752,item069,36,3,0
T10753,item045,9.5,4,0
T10753,item074,10,5,0
T10754,item040,18.4,3,0
T10755,item047,9.5,30,0.25
T10755,item056,38,30,0.25
T10755,item057,19.5,14,0.25
T10755,item069,36,25,0.25
T10756,item018,62.5,21,0.2
T10756,item036,19,20,0.2
T10756,item068,12.5,6,0.2
T10756,item069,36,20,0.2
T10757,item034,14,30,0
T10757,item059,55,7,0
T10757,item062,49.3,30,0
T10757,item064,33.25,24,0
T10758,item026,31.23,20,0
T10758,item052,7,60,0
T10758,item070,15,40,0
T10759,item032,32,10,0
T10760,item025,14,12,0.25
T10760,item027,43.9,40,0
T10760,item043,46,30,0.25
T10761,item025,14,35,0.25
T10761,item075,7.75,18,0
T10762,item039,18,16,0
T10762,item047,9.5,30,0
T10762,item051,53,28,0
T10762,item056,38,60,0
T10763,item021,10,40,0
T10763,item022,21,6,0
T10763,item024,4.5,20,0
T10764,item003,10,20,0.1
T10764,item039,18,130,0.1
T10765,item065,21.05,80,0.1
T10766,item002,19,40,0
T10766,item007,30,35,0
T10766,item068,12.5,40,0
T10767,item042,14,2,0
T10768,item022,21,4,0
T10768,item031,12.5,50,0
T10768,item060,34,15,0
T10768,item071,21.5,12,0
T10769,item041,9.65,30,0.05
T10769,item052,7,15,0.05
T10769,item061,28.5,20,0
T10769,item062,49.3,15,0
T10770,item011,21,15,0.25
T10771,item071,21.5,16,0
T10772,item029,123.79,18,0
T10772,item059,55,25,0
T10773,item017,39,33,0
T10773,item031,12.5,70,0.2
T10773,item075,7.75,7,0.2
T10774,item031,12.5,2,0.25
T10774,item066,17,50,0
T10775,item010,31,6,0
T10775,item067,14,3,0
T10776,item031,12.5,16,0.05
T10776,item042,14,12,0.05
T10776,item045,9.5,27,0.05
T10776,item051,53,120,0.05
T10777,item042,14,20,0.2
T10778,item041,9.65,10,0
T10779,item016,17.45,20,0
T10779,item062,49.3,20,0
T10780,item070,15,35,0
T10780,item077,13,15,0
T10781,item054,7.45,3,0.2
T10781,item056,38,20,0.2
T10781,item074,10,35,0
T10782,item031,12.5,1,0
T10783,item031,12.5,10,0
T10783,item038,263.5,5,0
T10784,item036,19,30,0
T10784,item039,18,2,0.15
T10784,item072,34.8,30,0.15
T10785,item010,31,10,0
T10785,item075,7.75,10,0
T10786,item008,40,30,0.2
T10786,item030,25.89,15,0.2
T10786,item075,7.75,42,0.2
T10787,item002,19,15,0.05
T10787,item029,123.79,20,0.05
T10788,item019,9.2,50,0.05
T10788,item075,7.75,40,0.05
T10789,item018,62.5,30,0
T10789,item035,18,15,0
T10789,item063,43.9,30,0
T10789,item068,12.5,18,0
T10790,item007,30,3,0.15
T10790,item056,38,20,0.15
T10791,item029,123.79,14,0.05
T10791,item041,9.65,20,0.05
T10792,item002,19,10,0
T10792,item054,7.45,3,0
T10792,item068,12.5,15,0
T10793,item041,9.65,14,0
T10793,item052,7,8,0
T10794,item014,23.25,15,0.2
T10794,item054,7.45,6,0.2
T10795,item016,17.45,65,0
T10795,item017,39,35,0.25
T10796,item026,31.23,21,0.2
T10796,item044,19.45,10,0
T10796,item064,33.25,35,0.2
T10796,item069,36,24,0.2
T10797,item011,21,20,0
T10798,item062,49.3,2,0
T10798,item072,34.8,10,0
T10799,item013,6,20,0.15
T10799,item024,4.5,20,0.15
T10799,item059,55,25,0
T10800,item011,21,50,0.1
T10800,item051,53,10,0.1
T10800,item054,7.45,7,0.1
T10801,item017,39,40,0.25
T10801,item029,123.79,20,0.25
T10802,item030,25.89,25,0.25
T10802,item051,53,30,0.25
T10802,item055,24,60,0.25
T10802,item062,49.3,5,0.25
T10803,item019,9.2,24,0.05
T10803,item025,14,15,0.05
T10803,item059,55,15,0.05
T10804,item010,31,36,0
T10804,item028,45.6,24,0
T10804,item049,20,4,0.15
T10805,item034,14,10,0
T10805,item038,263.5,10,0
T10806,item002,19,20,0.25
T10806,item065,21.05,2,0
T10806,item074,10,15,0.25
T10807,item040,18.4,1,0
T10808,item056,38,20,0.15
T10808,item076,18,50,0.15
T10809,item052,7,20,0
T10810,item013,6,7,0
T10810,item025,14,5,0
T10810,item070,15,5,0
T10811,item019,9.2,15,0
T10811,item023,9,18,0
T10811,item040,18.4,30,0
T10812,item031,12.5,16,0.1
T10812,item072,34.8,40,0.1
T10812,item077,13,20,0
T10813,item002,19,12,0.2
T10813,item046,12,35,0
T10814,item041,9.65,20,0
T10814,item043,46,20,0.15
T10814,item048,12.75,8,0.15
T10814,item061,28.5,30,0.15
T10815,item033,2.5,16,0
T10816,item038,263.5,30,0.05
T10816,item062,49.3,20,0.05
T10817,item026,31.23,40,0.15
T10817,item038,263.5,30,0
T10817,item040,18.4,60,0.15
T10817,item062,49.3,25,0.15
T10818,item032,32,20,0
T10818,item041,9.65,20,0
T10819,item043,46,7,0
T10819,item075,7.75,20,0
T10820,item056,38,30,0
T10821,item035,18,20,0
T10821,item051,53,6,0
T10822,item062,49.3,3,0
T10822,item070,15,6,0
T10823,item011,21,20,0.1
T10823,item057,19.5,15,0
T10823,item059,55,40,0.1
T10823,item077,13,15,0.1
T10824,item041,9.65,12,0
T10824,item070,15,9,0
T10825,item026,31.23,12,0
T10825,item053,32.8,20,0
T10826,item031,12.5,35,0
T10826,item057,19.5,15,0
T10827,item010,31,15,0
T10827,item039,18,21,0
T10828,item020,81,5,0
T10828,item038,263.5,2,0
T10829,item002,19,10,0
T10829,item008,40,20,0
T10829,item013,6,10,0
T10829,item060,34,21,0
T10830,item006,25,6,0
T10830,item039,18,28,0
T10830,item060,34,30,0
T10830,item068,12.5,24,0
T10831,item019,9.2,2,0
T10831,item035,18,8,0
T10831,item038,263.5,8,0
T10831,item043,46,9,0
T10832,item013,6,3,0.2
T10832,item025,14,10,0.2
T10832,item044,19.45,16,0.2
T10832,item064,33.25,3,0
T10833,item007,30,20,0.1
T10833,item031,12.5,9,0.1
T10833,item053,32.8,9,0.1
T10834,item029,123.79,8,0.05
T10834,item030,25.89,20,0.05
T10835,item059,55,15,0
T10835,item077,13,2,0.2
T10836,item022,21,52,0
T10836,item035,18,6,0
T10836,item057,19.5,24,0
T10836,item060,34,60,0
T10836,item064,33.25,30,0
T10837,item013,6,6,0
T10837,item040,18.4,25,0
T10837,item047,9.5,40,0.25
T10837,item076,18,21,0.25
T10838,item001,18,4,0.25
T10838,item018,62.5,25,0.25
T10838,item036,19,50,0.25
T10839,item058,13.25,30,0.1
T10839,item072,34.8,15,0.1
T10840,item025,14,6,0.2
T10840,item039,18,10,0.2
T10841,item010,31,16,0
T10841,item056,38,30,0
T10841,item059,55,50,0
T10841,item077,13,15,0
T10842,item011,21,15,0
T10842,item043,46,5,0
T10842,item068,12.5,20,0
T10842,item070,15,12,0
T10843,item051,53,4,0.25
T10844,item022,21,35,0
T10845,item023,9,70,0.1
T10845,item035,18,25,0.1
T10845,item042,14,42,0.1
T10845,item058,13.25,60,0.1
T10845,item064,33.25,48,0
T10846,item004,22,21,0
T10846,item070,15,30,0
T10846,item074,10,20,0
T10847,item001,18,80,0.2
T10847,item019,9.2,12,0.2
T10847,item037,26,60,0.2
T10847,item045,9.5,36,0.2
T10847,item060,34,45,0.2
T10847,item071,21.5,55,0.2
T10848,item005,21.35,30,0
T10848,item009,97,3,0
T10849,item003,10,49,0
T10849,item026,31.23,18,0.15
T10850,item025,14,20,0.15
T10850,item033,2.5,4,0.15
T10850,item070,15,30,0.15
T10851,item002,19,5,0.05
T10851,item025,14,10,0.05
T10851,item057,19.5,10,0.05
T10851,item059,55,42,0.05
T10852,item002,19,15,0
T10852,item017,39,6,0
T10852,item062,49.3,50,0
T10853,item018,62.5,10,0
T10854,item010,31,100,0.15
T10854,item013,6,65,0.15
T10855,item016,17.45,50,0
T10855,item031,12.5,14,0
T10855,item056,38,24,0
T10855,item065,21.05,15,0.15
T10856,item002,19,20,0
T10856,item042,14,20,0
T10857,item003,10,30,0
T10857,item026,31.23,35,0.25
T10857,item029,123.79,10,0.25
T10858,item007,30,5,0
T10858,item027,43.9,10,0
T10858,item070,15,4,0
T10859,item024,4.5,40,0.25
T10859,item054,7.45,35,0.25
T10859,item064,33.25,30,0.25
T10860,item051,53,3,0
T10860,item076,18,20,0
T10861,item017,39,42,0
T10861,item018,62.5,20,0
T10861,item021,10,40,0
T10861,item033,2.5,35,0
T10861,item062,49.3,3,0
T10862,item011,21,25,0
T10862,item052,7,8,0
T10863,item001,18,20,0.15
T10863,item058,13.25,12,0.15
T10864,item035,18,4,0
T10864,item067,14,15,0
T10865,item038,263.5,60,0.05
T10865,item039,18,80,0.05
T10866,item002,19,21,0.25
T10866,item024,4.5,6,0.25
T10866,item030,25.89,40,0.25
T10867,item053,32.8,3,0
T10868,item026,31.23,20,0
T10868,item035,18,30,0
T10868,item049,20,42,0.1
T10869,item001,18,40,0
T10869,item011,21,10,0
T10869,item023,9,50,0
T10869,item068,12.5,20,0
T10870,item035,18,3,0
T10870,item051,53,2,0
T10871,item006,25,50,0.05
T10871,item016,17.45,12,0.05
T10871,item017,39,16,0.05
T10872,item055,24,10,0.05
T10872,item062,49.3,20,0.05
T10872,item064,33.25,15,0.05
T10872,item065,21.05,21,0.05
T10873,item021,10,20,0
T10873,item028,45.6,3,0
T10874,item010,31,10,0
T10875,item019,9.2,25,0
T10875,item047,9.5,21,0.1
T10875,item049,20,15,0
T10876,item046,12,21,0
T10876,item064,33.25,20,0
T10877,item016,17.45,30,0.25
T10877,item018,62.5,25,0
T10878,item020,81,20,0.05
T10879,item040,18.4,12,0
T10879,item065,21.05,10,0
T10879,item076,18,10,0
T10880,item023,9,30,0.2
T10880,item061,28.5,30,0.2
T10880,item070,15,50,0.2
T10881,item073,15,10,0
T10882,item042,14,25,0
T10882,item049,20,20,0.15
T10882,item054,7.45,32,0.15
T10883,item024,4.5,8,0
T10884,item021,10,40,0.05
T10884,item056,38,21,0.05
T10884,item065,21.05,12,0.05
T10885,item002,19,20,0
T10885,item024,4.5,12,0
T10885,item070,15,30,0
T10885,item077,13,25,0
T10886,item010,31,70,0
T10886,item031,12.5,35,0
T10886,item077,13,40,0
T10887,item025,14,5,0
T10888,item002,19,20,0
T10888,item068,12.5,18,0
T10889,item011,21,40,0
T10889,item038,263.5,40,0
T10890,item017,39,15,0
T10890,item034,14,10,0
T10890,item041,9.65,14,0
T10891,item030,25.89,15,0.05
T10892,item059,55,40,0.05
T10893,item008,40,30,0
T10893,item024,4.5,10,0
T10893,item029,123.79,24,0
T10893,item030,25.89,35,0
T10893,item036,19,20,0
T10894,item013,6,28,0.05
T10894,item069,36,50,0.05
T10894,item075,7.75,120,0.05
T10895,item024,4.5,110,0
T10895,item039,18,45,0
T10895,item040,18.4,91,0
T10895,item060,34,100,0
T10896,item045,9.5,15,0
T10896,item056,38,16,0
T10897,item029,123.79,80,0
T10897,item030,25.89,36,0
T10898,item013,6,5,0
T10899,item039,18,8,0.15
T10900,item070,15,3,0.25
T10901,item041,9.65,30,0
T10901,item071,21.5,30,0
T10902,item055,24,30,0.15
T10902,item062,49.3,6,0.15
T10903,item013,6,40,0
T10903,item065,21.05,21,0
T10903,item068,12.5,20,0
T10904,item058,13.25,15,0
T10904,item062,49.3,35,0
T10905,item001,18,20,0.05
T10906,item061,28.5,15,0
T10907,item075,7.75,14,0
T10908,item007,30,20,0.05
T10908,item052,7,14,0.05
T10909,item007,30,12,0
T10909,item016,17.45,15,0
T10909,item041,9.65,5,0
T10910,item019,9.2,12,0
T10910,item049,20,10,0
T10910,item061,28.5,5,0
T10911,item001,18,10,0
T10911,item017,39,12,0
T10911,item067,14,15,0
T10912,item011,21,40,0.25
T10912,item029,123.79,60,0.25
T10913,item004,22,30,0.25
T10913,item033,2.5,40,0.25
T10913,item058,13.25,15,0
T10914,item071,21.5,25,0
T10915,item017,39,10,0
T10915,item033,2.5,30,0
T10915,item054,7.45,10,0
T10916,item016,17.45,6,0
T10916,item032,32,6,0
T10916,item057,19.5,20,0
T10917,item030,25.89,1,0
T10917,item060,34,10,0
T10918,item001,18,60,0.25
T10918,item060,34,25,0.25
T10919,item016,17.45,24,0
T10919,item025,14,24,0
T10919,item040,18.4,20,0
T10920,item050,16.25,24,0
T10921,item035,18,10,0
T10921,item063,43.9,40,0
T10922,item017,39,15,0
T10922,item024,4.5,35,0
T10923,item042,14,10,0.2
T10923,item043,46,10,0.2
T10923,item067,14,24,0.2
T10924,item010,31,20,0.1
T10924,item028,45.6,30,0.1
T10924,item075,7.75,6,0
T10925,item036,19,25,0.15
T10925,item052,7,12,0.15
T10926,item011,21,2,0
T10926,item013,6,10,0
T10926,item019,9.2,7,0
T10926,item072,34.8,10,0
T10927,item020,81,5,0
T10927,item052,7,5,0
T10927,item076,18,20,0
T10928,item047,9.5,5,0
T10928,item076,18,5,0
T10929,item021,10,60,0
T10929,item075,7.75,49,0
T10929,item077,13,15,0
T10930,item021,10,36,0
T10930,item027,43.9,25,0
T10930,item055,24,25,0.2
T10930,item058,13.25,30,0.2
T10931,item013,6,42,0.15
T10931,item057,19.5,30,0
T10932,item016,17.45,30,0.1
T10932,item062,49.3,14,0.1
T10932,item072,34.8,16,0
T10932,item075,7.75,20,0.1
T10933,item053,32.8,2,0
T10933,item061,28.5,30,0
T10934,item006,25,20,0
T10935,item001,18,21,0
T10935,item018,62.5,4,0.25
T10935,item023,9,8,0.25
T10936,item036,19,30,0.2
T10937,item028,45.6,8,0
T10937,item034,14,20,0
T10938,item013,6,20,0.25
T10938,item043,46,24,0.25
T10938,item060,34,49,0.25
T10938,item071,21.5,35,0.25
T10939,item002,19,10,0.15
T10939,item067,14,40,0.15
T10940,item007,30,8,0
T10940,item013,6,20,0
T10941,item031,12.5,44,0.25
T10941,item062,49.3,30,0.25
T10941,item068,12.5,80,0.25
T10941,item072,34.8,50,0
T10942,item049,20,28,0
T10943,item013,6,15,0
T10943,item022,21,21,0
T10943,item046,12,15,0
T10944,item011,21,5,0.25
T10944,item044,19.45,18,0.25
T10944,item056,38,18,0
T10945,item013,6,20,0
T10945,item031,12.5,10,0
T10946,item010,31,25,0
T10946,item024,4.5,25,0
T10946,item077,13,40,0
T10947,item059,55,4,0
T10948,item050,16.25,9,0
T10948,item051,53,40,0
T10948,item055,24,4,0
T10949,item006,25,12,0
T10949,item010,31,30,0
T10949,item017,39,6,0
T10949,item062,49.3,60,0
T10950,item004,22,5,0
T10951,item033,2.5,15,0.05
T10951,item041,9.65,6,0.05
T10951,item075,7.75,50,0.05
T10952,item006,25,16,0.05
T10952,item028,45.6,2,0
T10953,item020,81,50,0.05
T10953,item031,12.5,50,0.05
T10954,item016,17.45,28,0.15
T10954,item031,12.5,25,0.15
T10954,item045,9.5,30,0
T10954,item060,34,24,0.15
T10955,item075,7.75,12,0.2
T10956,item021,10,12,0
T10956,item047,9.5,14,0
T10956,item051,53,8,0
T10957,item030,25.89,30,0
T10957,item035,18,40,0
T10957,item064,33.25,8,0
T10958,item005,21.35,20,0
T10958,item007,30,6,0
T10958,item072,34.8,5,0
T10959,item075,7.75,20,0.15
T10960,item024,4.5,10,0.25
T10960,item041,9.65,24,0
T10961,item052,7,6,0.05
T10961,item076,18,60,0
T10962,item007,30,45,0
T10962,item013,6,77,0
T10962,item053,32.8,20,0
T10962,item069,36,9,0
T10962,item076,18,44,0
T10963,item060,34,2,0.15
T10964,item018,62.5,6,0
T10964,item038,263.5,5,0
T10964,item069,36,10,0
T10965,item051,53,16,0
T10966,item037,26,8,0
T10966,item056,38,12,0.15
T10966,item062,49.3,12,0.15
T10967,item019,9.2,12,0
T10967,item049,20,40,0
T10968,item012,38,30,0
T10968,item024,4.5,30,0
T10968,item064,33.25,4,0
T10969,item046,12,9,0
T10970,item052,7,40,0.2
T10971,item029,123.79,14,0
T10972,item017,39,6,0
T10972,item033,2.5,7,0
T10973,item026,31.23,5,0
T10973,item041,9.65,6,0
T10973,item075,7.75,10,0
T10974,item063,43.9,10,0
T10975,item008,40,16,0
T10975,item075,7.75,10,0
T10976,item028,45.6,20,0
T10977,item039,18,30,0
T10977,item047,9.5,30,0
T10977,item051,53,10,0
T10977,item063,43.9,20,0
T10978,item008,40,20,0.15
T10978,item021,10,40,0.15
T10978,item040,18.4,10,0
T10978,item044,19.45,6,0.15
T10979,item007,30,18,0
T10979,item012,38,20,0
T10979,item024,4.5,80,0
T10979,item027,43.9,30,0
T10979,item031,12.5,24,0
T10979,item063,43.9,35,0
T10980,item075,7.75,40,0.2
T10981,item038,263.5,60,0
T10982,item007,30,20,0
T10982,item043,46,9,0
T10983,item013,6,84,0.15
T10983,item057,19.5,15,0
T10984,item016,17.45,55,0
T10984,item024,4.5,20,0
T10984,item036,19,40,0
T10985,item016,17.45,36,0.1
T10985,item018,62.5,8,0.1
T10985,item032,32,35,0.1
T10986,item011,21,30,0
T10986,item020,81,15,0
T10986,item076,18,10,0
T10986,item077,13,15,0
T10987,item007,30,60,0
T10987,item043,46,6,0
T10987,item072,34.8,20,0
T10988,item007,30,60,0
T10988,item062,49.3,40,0.1
T10989,item006,25,40,0
T10989,item011,21,15,0
T10989,item041,9.65,4,0
T10990,item021,10,65,0
T10990,item034,14,60,0.15
T10990,item055,24,65,0.15
T10990,item061,28.5,66,0.15
T10991,item002,19,50,0.2
T10991,item070,15,20,0.2
T10991,item076,18,90,0.2
T10992,item072,34.8,2,0
T10993,item029,123.79,50,0.25
T10993,item041,9.65,35,0.25
T10994,item059,55,18,0.05
T10995,item051,53,20,0
T10995,item060,34,4,0
T10996,item042,14,40,0
T10997,item032,32,50,0
T10997,item046,12,20,0.25
T10997,item052,7,20,0.25
T10998,item024,4.5,12,0
T10998,item061,28.5,7,0
T10998,item074,10,20,0
T10998,item075,7.75,30,0
T10999,item041,9.65,20,0.05
T10999,item051,53,15,0.05
T10999,item077,13,21,0.05
T11000,item004,22,25,0.25
T11000,item024,4.5,30,0.25
T11000,item077,13,30,0
T11001,item007,30,60,0
T11001,item022,21,25,0
T11001,item046,12,25,0
T11001,item055,24,6,0
T11002,item013,6,56,0
T11002,item035,18,15,0.15
T11002,item042,14,24,0.15
T11002,item055,24,40,0
T11003,item001,18,4,0
T11003,item040,18.4,10,0
T11003,item052,7,10,0
T11004,item026,31.23,6,0
T11004,item076,18,6,0
T11005,item001,18,2,0
T11005,item059,55,10,0
T11006,item001,18,8,0
T11006,item029,123.79,2,0.25
T11007,item008,40,30,0
T11007,item029,123.79,10,0
T11007,item042,14,14,0
T11008,item028,45.6,70,0.05
T11008,item034,14,90,0.05
T11008,item071,21.5,21,0
T11009,item024,4.5,12,0
T11009,item036,19,18,0.25
T11009,item060,34,9,0
T11010,item007,30,20,0
T11010,item024,4.5,10,0
T11011,item002,19,1,0
T11012,item019,9.2,50,0.05
T11012,item060,34,36,0.05
T11012,item071,21.5,60,0.05
T11013,item023,9,10,0
T11013,item042,14,4,0
T11013,item045,9.5,20,0
T11013,item068,12.5,2,0
T11014,item041,9.65,28,0.1
T11015,item030,25.89,15,0
T11015,item077,13,18,0
T11016,item031,12.5,15,0
T11016,item036,19,16,0
T11017,item003,10,25,0
T11017,item059,55,110,0
T11017,item070,15,30,0
T11018,item012,38,20,0
T11018,item018,62.5,10,0
T11018,item056,38,5,0
T11019,item046,12,3,0
T11019,item049,20,2,0
T11020,item010,31,24,0.15
T11021,item002,19,11,0.25
T11021,item020,81,15,0
T11021,item026,31.23,63,0
T11021,item051,53,44,0.25
T11021,item072,34.8,35,0
T11022,item019,9.2,35,0
T11022,item069,36,30,0
T11023,item007,30,4,0
T11023,item043,46,30,0
T11024,item026,31.23,12,0
T11024,item033,2.5,30,0
T11024,item065,21.05,21,0
T11024,item071,21.5,50,0
T11025,item001,18,10,0.1
T11025,item013,6,20,0.1
T11026,item018,62.5,8,0
T11026,item051,53,10,0
T11027,item024,4.5,30,0.25
T11027,item062,49.3,21,0.25
T11028,item055,24,35,0
T11028,item059,55,24,0
T11029,item056,38,20,0
T11029,item063,43.9,12,0
T11030,item002,19,100,0.25
T11030,item005,21.35,70,0
T11030,item029,123.79,60,0.25
T11030,item059,55,100,0.25
T11031,item001,18,45,0
T11031,item013,6,80,0
T11031,item024,4.5,21,0
T11031,item064,33.25,20,0
T11031,item071,21.5,16,0
T11032,item036,19,35,0
T11032,item038,263.5,25,0
T11032,item059,55,30,0
T11033,item053,32.8,70,0.1
T11033,item069,36,36,0.1
T11034,item021,10,15,0.1
T11034,item044,19.45,12,0
T11034,item061,28.5,6,0
T11035,item001,18,10,0
T11035,item035,18,60,0
T11035,item042,14,30,0
T11035,item054,7.45,10,0
T11036,item013,6,7,0
T11036,item059,55,30,0
T11037,item070,15,4,0
T11038,item040,18.4,5,0.2
T11038,item052,7,2,0
T11038,item071,21.5,30,0
T11039,item028,45.6,20,0
T11039,item035,18,24,0
T11039,item049,20,60,0
T11039,item057,19.5,28,0
T11040,item021,10,20,0
T11041,item002,19,30,0.2
T11041,item063,43.9,30,0
T11042,item044,19.45,15,0
T11042,item061,28.5,4,0
T11043,item011,21,10,0
T11044,item062,49.3,12,0
T11045,item033,2.5,15,0
T11045,item051,53,24,0
T11046,item012,38,20,0.05
T11046,item032,32,15,0.05
T11046,item035,18,18,0.05
T11047,item001,18,25,0.25
T11047,item005,21.35,30,0.25
T11048,item068,12.5,42,0
T11049,item002,19,10,0.2
T11049,item012,38,4,0.2
T11050,item076,18,50,0.1
T11051,item024,4.5,10,0.2
T11052,item043,46,30,0.2
T11052,item061,28.5,10,0.2
T11053,item018,62.5,35,0.2
T11053,item032,32,20,0
T11053,item064,33.25,25,0.2
T11054,item033,2.5,10,0
T11054,item067,14,20,0
T11055,item024,4.5,15,0
T11055,item025,14,15,0
T11055,item051,53,20,0
T11055,item057,19.5,20,0
T11056,item007,30,40,0
T11056,item055,24,35,0
T11056,item060,34,50,0
T11057,item070,15,3,0
T11058,item021,10,3,0
T11058,item060,34,21,0
T11058,item061,28.5,4,0
T11059,item013,6,30,0
T11059,item017,39,12,0
T11059,item060,34,35,0
T11060,item060,34,4,0
T11060,item077,13,10,0
T11061,item060,34,15,0
T11062,item053,32.8,10,0.2
T11062,item070,15,12,0.2
T11063,item034,14,30,0
T11063,item040,18.4,40,0.1
T11063,item041,9.65,30,0.1
T11064,item017,39,77,0.1
T11064,item041,9.65,12,0
T11064,item053,32.8,25,0.1
T11064,item055,24,4,0.1
T11064,item068,12.5,55,0
T11065,item030,25.89,4,0.25
T11065,item054,7.45,20,0.25
T11066,item016,17.45,3,0
T11066,item019,9.2,42,0
T11066,item034,14,35,0
T11067,item041,9.65,9,0
T11068,item028,45.6,8,0.15
T11068,item043,46,36,0.15
T11068,item077,13,28,0.15
T11069,item039,18,20,0
T11070,item001,18,40,0.15
T11070,item002,19,20,0.15
T11070,item016,17.45,30,0.15
T11070,item031,12.5,20,0
T11071,item007,30,15,0.05
T11071,item013,6,10,0.05
T11072,item002,19,8,0
T11072,item041,9.65,40,0
T11072,item050,16.25,22,0
T11072,item064,33.25,130,0
T11073,item011,21,10,0
T11073,item024,4.5,20,0
T11074,item016,17.45,14,0.05
T11075,item002,19,10,0.15
T11075,item046,12,30,0.15
T11075,item076,18,2,0.15
T11076,item006,25,20,0.25
T11076,item014,23.25,20,0.25
T11076,item019,9.2,10,0.25
T11077,item002,19,24,0.2
T11077,item003,10,4,0
T11077,item004,22,1,0
T11077,item006,25,1,0.02
T11077,item007,30,1,0.05
T11077,item008,40,2,0.1
T11077,item010,31,1,0
T11077,item012,38,2,0.05
T11077,item013,6,4,0
T11077,item014,23.25,1,0.03
T11077,item016,17.45,2,0.03
T11077,item020,81,1,0.04
T11077,item023,9,2,0
T11077,item032,32,1,0
T11077,item039,18,2,0.05
T11077,item041,9.65,3,0
T11077,item046,12,3,0.02
T11077,item052,7,2,0
T11077,item055,24,2,0
T11077,item060,34,2,0.06
T11077,item064,33.25,2,0.03
T11077,item066,17,1,0
T11077,item073,15,2,0.01
T11077,item075,7.75,4,0
T11077,item077,13,2,0
