<?xml version="1.0" standalone="yes"?>
<NewDataSet>
  <table>
    <電廠>林口</電廠>
    <機組代號>1</機組代號>
    <日期時間>2019/9/9 上午 09:46:50</日期時間>
    <NOX氮氧化物>18.15</NOX氮氧化物>
    <SO2二氧化硫>16.89</SO2二氧化硫>
    <OPAC不透光率>2.93</OPAC不透光率>
    <VEL排放流率>24.40</VEL排放流率>
    <TEMP溫度>105.48</TEMP溫度>
  </table>
  <table>
    <電廠>林口</電廠>
    <機組代號>2</機組代號>
    <日期時間>2019/9/9 上午 09:46:50</日期時間>
    <NOX氮氧化物>17.22</NOX氮氧化物>
    <SO2二氧化硫>10.70</SO2二氧化硫>
    <OPAC不透光率>2.23</OPAC不透光率>
    <VEL排放流率>24.67</VEL排放流率>
    <TEMP溫度>110.52</TEMP溫度>
  </table>
  <table>
    <電廠>林口</電廠>
    <機組代號>3</機組代號>
    <日期時間>2019/9/9 上午 09:46:50</日期時間>
    <NOX氮氧化物>5.60</NOX氮氧化物>
    <SO2二氧化硫>2.44</SO2二氧化硫>
    <OPAC不透光率>2.42</OPAC不透光率>
    <VEL排放流率>24.69</VEL排放流率>
    <TEMP溫度>110.20</TEMP溫度>
  </table>
  <table>
    <電廠>南部</電廠>
    <機組代號>1</機組代號>
    <日期時間>2019/9/9 上午 09:46:50</日期時間>
    <NOX氮氧化物>6.00</NOX氮氧化物>
    <SO2二氧化硫>0.00</SO2二氧化硫>
    <OPAC不透光率>0.00</OPAC不透光率>
    <VEL排放流率>0.00</VEL排放流率>
    <TEMP溫度>114.00</TEMP溫度>
  </table>
  <table>
    <電廠>南部</電廠>
    <機組代號>2</機組代號>
    <日期時間>2019/9/9 上午 09:46:50</日期時間>
    <NOX氮氧化物>6.00</NOX氮氧化物>
    <SO2二氧化硫>0.00</SO2二氧化硫>
    <OPAC不透光率>0.00</OPAC不透光率>
    <VEL排放流率>0.00</VEL排放流率>
    <TEMP溫度>115.00</TEMP溫度>
  </table>
  <table>
    <電廠>南部</電廠>
    <機組代號>3</機組代號>
    <日期時間>2019/9/9 上午 09:46:50</日期時間>
    <NOX氮氧化物>6.00</NOX氮氧化物>
    <SO2二氧化硫>0.00</SO2二氧化硫>
    <OPAC不透光率>0.00</OPAC不透光率>
    <VEL排放流率>0.00</VEL排放流率>
    <TEMP溫度>114.00</TEMP溫度>
  </table>
  <table>
    <電廠>南部</電廠>
    <機組代號>4</機組代號>
    <日期時間>2019/9/9 上午 09:46:50</日期時間>
    <NOX氮氧化物>5.00</NOX氮氧化物>
    <SO2二氧化硫>0.00</SO2二氧化硫>
    <OPAC不透光率>0.00</OPAC不透光率>
    <VEL排放流率>0.00</VEL排放流率>
    <TEMP溫度>97.00</TEMP溫度>
  </table>
  <table>
    <電廠>大林</電廠>
    <機組代號>1</機組代號>
    <日期時間>2019/9/9 上午 09:46:52</日期時間>
    <NOX氮氧化物>21.65</NOX氮氧化物>
    <SO2二氧化硫>19.55</SO2二氧化硫>
    <OPAC不透光率>5.53</OPAC不透光率>
    <VEL排放流率>0.00</VEL排放流率>
    <TEMP溫度>95.48</TEMP溫度>
  </table>
  <table>
    <電廠>大林</電廠>
    <機組代號>2</機組代號>
    <日期時間>2019/9/9 上午 09:46:52</日期時間>
    <NOX氮氧化物>20.25</NOX氮氧化物>
    <SO2二氧化硫>8.52</SO2二氧化硫>
    <OPAC不透光率>5.13</OPAC不透光率>
    <VEL排放流率>22.68</VEL排放流率>
    <TEMP溫度>92.97</TEMP溫度>
  </table>
  <table>
    <電廠>大林</電廠>
    <機組代號>5</機組代號>
    <日期時間>2019/9/9 上午 09:46:52</日期時間>
    <NOX氮氧化物>71.30</NOX氮氧化物>
    <SO2二氧化硫>0.10</SO2二氧化硫>
    <OPAC不透光率>6.10</OPAC不透光率>
    <VEL排放流率>0.40</VEL排放流率>
    <TEMP溫度>124.40</TEMP溫度>
  </table>
  <table>
    <電廠>大林</電廠>
    <機組代號>6</機組代號>
    <日期時間>2019/9/9 上午 09:46:52</日期時間>
    <NOX氮氧化物>27.90</NOX氮氧化物>
    <SO2二氧化硫>0.10</SO2二氧化硫>
    <OPAC不透光率>5.10</OPAC不透光率>
    <VEL排放流率>8.80</VEL排放流率>
    <TEMP溫度>90.80</TEMP溫度>
  </table>
  <table>
    <電廠>興達</電廠>
    <機組代號>1</機組代號>
    <日期時間>2019/9/9 上午 09:46:51</日期時間>
    <NOX氮氧化物>37.83</NOX氮氧化物>
    <SO2二氧化硫>21.09</SO2二氧化硫>
    <OPAC不透光率>10.68</OPAC不透光率>
    <VEL排放流率>19.12</VEL排放流率>
    <TEMP溫度>88.78</TEMP溫度>
  </table>
  <table>
    <電廠>興達</電廠>
    <機組代號>2</機組代號>
    <日期時間>2019/9/9 上午 09:46:51</日期時間>
    <NOX氮氧化物>20.66</NOX氮氧化物>
    <SO2二氧化硫>18.96</SO2二氧化硫>
    <OPAC不透光率>9.55</OPAC不透光率>
    <VEL排放流率>20.75</VEL排放流率>
    <TEMP溫度>104.72</TEMP溫度>
  </table>
  <table>
    <電廠>興達</電廠>
    <機組代號>3</機組代號>
    <日期時間>2019/9/9 上午 09:46:51</日期時間>
    <NOX氮氧化物>25.07</NOX氮氧化物>
    <SO2二氧化硫>13.87</SO2二氧化硫>
    <OPAC不透光率>7.69</OPAC不透光率>
    <VEL排放流率>23.36</VEL排放流率>
    <TEMP溫度>99.99</TEMP溫度>
  </table>
  <table>
    <電廠>興達</電廠>
    <機組代號>4</機組代號>
    <日期時間>2019/9/9 上午 09:46:51</日期時間>
    <NOX氮氧化物>24.67</NOX氮氧化物>
    <SO2二氧化硫>14.14</SO2二氧化硫>
    <OPAC不透光率>7.86</OPAC不透光率>
    <VEL排放流率>22.39</VEL排放流率>
    <TEMP溫度>93.42</TEMP溫度>
  </table>
  <table>
    <電廠>興達</電廠>
    <機組代號>5</機組代號>
    <日期時間>2019/9/9 上午 09:46:51</日期時間>
    <NOX氮氧化物>11.84</NOX氮氧化物>
    <SO2二氧化硫>0.00</SO2二氧化硫>
    <OPAC不透光率>0.00</OPAC不透光率>
    <VEL排放流率>12.36</VEL排放流率>
    <TEMP溫度>110.70</TEMP溫度>
  </table>
  <table>
    <電廠>興達</電廠>
    <機組代號>6</機組代號>
    <日期時間>2019/9/9 上午 09:46:51</日期時間>
    <NOX氮氧化物>11.35</NOX氮氧化物>
    <SO2二氧化硫>0.00</SO2二氧化硫>
    <OPAC不透光率>0.00</OPAC不透光率>
    <VEL排放流率>11.75</VEL排放流率>
    <TEMP溫度>111.67</TEMP溫度>
  </table>
  <table>
    <電廠>興達</電廠>
    <機組代號>7</機組代號>
    <日期時間>2019/9/9 上午 09:46:51</日期時間>
    <NOX氮氧化物>14.92</NOX氮氧化物>
    <SO2二氧化硫>0.00</SO2二氧化硫>
    <OPAC不透光率>0.00</OPAC不透光率>
    <VEL排放流率>11.16</VEL排放流率>
    <TEMP溫度>111.30</TEMP溫度>
  </table>
  <table>
    <電廠>興達</電廠>
    <機組代號>8</機組代號>
    <日期時間>2019/9/9 上午 09:46:51</日期時間>
    <NOX氮氧化物>19.69</NOX氮氧化物>
    <SO2二氧化硫>0.00</SO2二氧化硫>
    <OPAC不透光率>0.00</OPAC不透光率>
    <VEL排放流率>11.65</VEL排放流率>
    <TEMP溫度>115.59</TEMP溫度>
  </table>
  <table>
    <電廠>興達</電廠>
    <機組代號>9</機組代號>
    <日期時間>2019/9/9 上午 09:46:51</日期時間>
    <NOX氮氧化物>17.90</NOX氮氧化物>
    <SO2二氧化硫>0.00</SO2二氧化硫>
    <OPAC不透光率>0.00</OPAC不透光率>
    <VEL排放流率>7.93</VEL排放流率>
    <TEMP溫度>105.00</TEMP溫度>
  </table>
  <table>
    <電廠>協和</電廠>
    <機組代號>1</機組代號>
    <日期時間>2019/9/9 上午 09:46:02</日期時間>
    <NOX氮氧化物>1.12</NOX氮氧化物>
    <SO2二氧化硫>0.00</SO2二氧化硫>
    <OPAC不透光率>11.63</OPAC不透光率>
    <VEL排放流率>10343.14</VEL排放流率>
    <TEMP溫度>31.13</TEMP溫度>
  </table>
  <table>
    <電廠>協和</電廠>
    <機組代號>2</機組代號>
    <日期時間>2019/9/9 上午 09:46:02</日期時間>
    <NOX氮氧化物>0.00</NOX氮氧化物>
    <SO2二氧化硫>0.00</SO2二氧化硫>
    <OPAC不透光率>14.50</OPAC不透光率>
    <VEL排放流率>23259.04</VEL排放流率>
    <TEMP溫度>29.54</TEMP溫度>
  </table>
  <table>
    <電廠>協和</電廠>
    <機組代號>3</機組代號>
    <日期時間>2019/9/9 上午 09:46:02</日期時間>
    <NOX氮氧化物>81.69</NOX氮氧化物>
    <SO2二氧化硫>123.99</SO2二氧化硫>
    <OPAC不透光率>11.85</OPAC不透光率>
    <VEL排放流率>543025.03</VEL排放流率>
    <TEMP溫度>122.53</TEMP溫度>
  </table>
  <table>
    <電廠>協和</電廠>
    <機組代號>4</機組代號>
    <日期時間>2019/9/9 上午 09:46:02</日期時間>
    <NOX氮氧化物>119.27</NOX氮氧化物>
    <SO2二氧化硫>145.06</SO2二氧化硫>
    <OPAC不透光率>14.18</OPAC不透光率>
    <VEL排放流率>686947.88</VEL排放流率>
    <TEMP溫度>134.20</TEMP溫度>
  </table>
  <table>
    <電廠>通霄</電廠>
    <機組代號>1</機組代號>
    <日期時間>2019/9/9 上午 09:46:51</日期時間>
    <NOX氮氧化物>1.00</NOX氮氧化物>
    <SO2二氧化硫>1.00</SO2二氧化硫>
    <OPAC不透光率>6.40</OPAC不透光率>
    <VEL排放流率>16153.00</VEL排放流率>
    <TEMP溫度>33.00</TEMP溫度>
  </table>
  <table>
    <電廠>通霄</電廠>
    <機組代號>2</機組代號>
    <日期時間>2019/9/9 上午 09:46:51</日期時間>
    <NOX氮氧化物>6.00</NOX氮氧化物>
    <SO2二氧化硫>0.00</SO2二氧化硫>
    <OPAC不透光率>0.00</OPAC不透光率>
    <VEL排放流率>4059142.00</VEL排放流率>
    <TEMP溫度>82.00</TEMP溫度>
  </table>
  <table>
    <電廠>通霄</電廠>
    <機組代號>3</機組代號>
    <日期時間>2019/9/9 上午 09:46:51</日期時間>
    <NOX氮氧化物>8.00</NOX氮氧化物>
    <SO2二氧化硫>0.00</SO2二氧化硫>
    <OPAC不透光率>0.00</OPAC不透光率>
    <VEL排放流率>1554528.00</VEL排放流率>
    <TEMP溫度>72.00</TEMP溫度>
  </table>
  <table>
    <電廠>通霄</電廠>
    <機組代號>4</機組代號>
    <日期時間>2019/9/9 上午 09:46:51</日期時間>
    <NOX氮氧化物>12.00</NOX氮氧化物>
    <SO2二氧化硫>0.00</SO2二氧化硫>
    <OPAC不透光率>0.00</OPAC不透光率>
    <VEL排放流率>1355036.00</VEL排放流率>
    <TEMP溫度>97.00</TEMP溫度>
  </table>
  <table>
    <電廠>通霄</電廠>
    <機組代號>5</機組代號>
    <日期時間>2019/9/9 上午 09:46:51</日期時間>
    <NOX氮氧化物>10.00</NOX氮氧化物>
    <SO2二氧化硫>0.00</SO2二氧化硫>
    <OPAC不透光率>0.00</OPAC不透光率>
    <VEL排放流率>2299313.00</VEL排放流率>
    <TEMP溫度>108.00</TEMP溫度>
  </table>
  <table>
    <電廠>通霄</電廠>
    <機組代號>6</機組代號>
    <日期時間>2019/9/9 上午 09:46:51</日期時間>
    <NOX氮氧化物>16.00</NOX氮氧化物>
    <SO2二氧化硫>0.00</SO2二氧化硫>
    <OPAC不透光率>0.00</OPAC不透光率>
    <VEL排放流率>783705.00</VEL排放流率>
    <TEMP溫度>105.00</TEMP溫度>
  </table>
  <table>
    <電廠>台中</電廠>
    <機組代號>1</機組代號>
    <日期時間>2019/9/9 上午 09:46:50</日期時間>
    <NOX氮氧化物>32.08</NOX氮氧化物>
    <SO2二氧化硫>25.87</SO2二氧化硫>
    <OPAC不透光率>15.70</OPAC不透光率>
    <VEL排放流率>23.07</VEL排放流率>
    <TEMP溫度>136.12</TEMP溫度>
  </table>
  <table>
    <電廠>台中</電廠>
    <機組代號>2</機組代號>
    <日期時間>2019/9/9 上午 09:46:50</日期時間>
    <NOX氮氧化物>38.76</NOX氮氧化物>
    <SO2二氧化硫>18.97</SO2二氧化硫>
    <OPAC不透光率>16.41</OPAC不透光率>
    <VEL排放流率>21.59</VEL排放流率>
    <TEMP溫度>134.42</TEMP溫度>
  </table>
  <table>
    <電廠>台中</電廠>
    <機組代號>3</機組代號>
    <日期時間>2019/9/9 上午 09:46:50</日期時間>
    <NOX氮氧化物>42.33</NOX氮氧化物>
    <SO2二氧化硫>14.88</SO2二氧化硫>
    <OPAC不透光率>17.11</OPAC不透光率>
    <VEL排放流率>20.87</VEL排放流率>
    <TEMP溫度>134.19</TEMP溫度>
  </table>
  <table>
    <電廠>台中</電廠>
    <機組代號>4</機組代號>
    <日期時間>2019/9/9 上午 09:46:50</日期時間>
    <NOX氮氧化物>0.00</NOX氮氧化物>
    <SO2二氧化硫>0.00</SO2二氧化硫>
    <OPAC不透光率>0.00</OPAC不透光率>
    <VEL排放流率>0.08</VEL排放流率>
    <TEMP溫度>29.06</TEMP溫度>
  </table>
  <table>
    <電廠>台中</電廠>
    <機組代號>5</機組代號>
    <日期時間>2019/9/9 上午 09:46:50</日期時間>
    <NOX氮氧化物>31.76</NOX氮氧化物>
    <SO2二氧化硫>36.28</SO2二氧化硫>
    <OPAC不透光率>13.33</OPAC不透光率>
    <VEL排放流率>11.68</VEL排放流率>
    <TEMP溫度>96.01</TEMP溫度>
  </table>
  <table>
    <電廠>台中</電廠>
    <機組代號>6</機組代號>
    <日期時間>2019/9/9 上午 09:46:50</日期時間>
    <NOX氮氧化物>46.29</NOX氮氧化物>
    <SO2二氧化硫>34.05</SO2二氧化硫>
    <OPAC不透光率>15.33</OPAC不透光率>
    <VEL排放流率>18.29</VEL排放流率>
    <TEMP溫度>109.17</TEMP溫度>
  </table>
  <table>
    <電廠>台中</電廠>
    <機組代號>7</機組代號>
    <日期時間>2019/9/9 上午 09:46:50</日期時間>
    <NOX氮氧化物>39.84</NOX氮氧化物>
    <SO2二氧化硫>33.19</SO2二氧化硫>
    <OPAC不透光率>12.64</OPAC不透光率>
    <VEL排放流率>19.84</VEL排放流率>
    <TEMP溫度>101.94</TEMP溫度>
  </table>
  <table>
    <電廠>台中</電廠>
    <機組代號>8</機組代號>
    <日期時間>2019/9/9 上午 09:46:50</日期時間>
    <NOX氮氧化物>44.38</NOX氮氧化物>
    <SO2二氧化硫>26.75</SO2二氧化硫>
    <OPAC不透光率>14.08</OPAC不透光率>
    <VEL排放流率>21.71</VEL排放流率>
    <TEMP溫度>108.09</TEMP溫度>
  </table>
  <table>
    <電廠>台中</電廠>
    <機組代號>9</機組代號>
    <日期時間>2019/9/9 上午 09:46:50</日期時間>
    <NOX氮氧化物>42.13</NOX氮氧化物>
    <SO2二氧化硫>29.08</SO2二氧化硫>
    <OPAC不透光率>7.24</OPAC不透光率>
    <VEL排放流率>19.28</VEL排放流率>
    <TEMP溫度>98.98</TEMP溫度>
  </table>
  <table>
    <電廠>台中</電廠>
    <機組代號>10</機組代號>
    <日期時間>2019/9/9 上午 09:46:50</日期時間>
    <NOX氮氧化物>42.19</NOX氮氧化物>
    <SO2二氧化硫>28.47</SO2二氧化硫>
    <OPAC不透光率>13.74</OPAC不透光率>
    <VEL排放流率>21.40</VEL排放流率>
    <TEMP溫度>101.97</TEMP溫度>
  </table>
  <table>
    <電廠>大潭</電廠>
    <機組代號>1</機組代號>
    <日期時間>2019/9/9 上午 09:46:02</日期時間>
    <NOX氮氧化物>14.50</NOX氮氧化物>
    <SO2二氧化硫>0.00</SO2二氧化硫>
    <OPAC不透光率>10343.14</OPAC不透光率>
    <VEL排放流率>0.00</VEL排放流率>
    <TEMP溫度>29.54</TEMP溫度>
  </table>
  <table>
    <電廠>大潭</電廠>
    <機組代號>2</機組代號>
    <日期時間>2019/9/9 上午 09:46:02</日期時間>
    <NOX氮氧化物>543025.03</NOX氮氧化物>
    <SO2二氧化硫>31.13</SO2二氧化硫>
    <OPAC不透光率>123.99</OPAC不透光率>
    <VEL排放流率>119.27</VEL排放流率>
    <TEMP溫度>14.18</TEMP溫度>
  </table>
  <table>
    <電廠>大潭</電廠>
    <機組代號>3</機組代號>
    <日期時間>2019/9/9 上午 09:46:02</日期時間>
    <NOX氮氧化物 />
    <SO2二氧化硫>0.00</SO2二氧化硫>
    <OPAC不透光率 />
    <VEL排放流率 />
    <TEMP溫度 />
  </table>
  <table>
    <電廠>大潭</電廠>
    <機組代號>4</機組代號>
    <日期時間>2019/9/9 上午 09:46:02</日期時間>
    <NOX氮氧化物 />
    <SO2二氧化硫>0.00</SO2二氧化硫>
    <OPAC不透光率 />
    <VEL排放流率 />
    <TEMP溫度 />
  </table>
  <table>
    <電廠>大潭</電廠>
    <機組代號>5</機組代號>
    <日期時間>2019/9/9 上午 09:46:02</日期時間>
    <NOX氮氧化物 />
    <SO2二氧化硫>0.00</SO2二氧化硫>
    <OPAC不透光率 />
    <VEL排放流率 />
    <TEMP溫度 />
  </table>
  <table>
    <電廠>大潭</電廠>
    <機組代號>6</機組代號>
    <日期時間>2019/9/9 上午 09:46:02</日期時間>
    <NOX氮氧化物 />
    <SO2二氧化硫>0.00</SO2二氧化硫>
    <OPAC不透光率 />
    <VEL排放流率 />
    <TEMP溫度 />
  </table>
</NewDataSet>